# 3ds Max Wavefront OBJ Exporter v0.99 - (c)2007 guruware
# File Created: 03.12.2025 07:38:44

mtllib ..\Materials\end_table.mtl

#
# object end_table
#

v  19.3839 31.6896 25.0000
v  19.3839 32.3496 25.0000
v  -19.3839 32.3496 25.0000
v  -19.3839 31.6896 25.0000
v  25.0000 31.6896 -19.3839
v  25.0000 32.3496 -19.3839
v  25.0000 32.3496 19.3839
v  25.0000 31.6896 19.3839
v  -19.3839 31.6896 -25.0000
v  -19.3839 32.3496 -25.0000
v  19.3839 32.3496 -25.0000
v  19.3839 31.6896 -25.0000
v  -25.0000 31.6896 19.3839
v  -25.0000 32.3496 19.3839
v  -25.0000 32.3496 -19.3839
v  -25.0000 31.6896 -19.3839
v  21.0999 31.6896 24.8440
v  21.0999 32.3496 24.8440
v  22.5039 31.6896 24.3760
v  22.5039 32.3496 24.3760
v  23.5960 31.6896 23.5960
v  23.5960 32.3496 23.5960
v  -21.0999 32.3496 24.8440
v  -21.0999 31.6896 24.8440
v  -22.5039 32.3496 24.3760
v  -22.5039 31.6896 24.3760
v  -23.5960 32.3496 23.5960
v  -23.5960 31.6896 23.5960
v  24.8440 31.6896 -21.0999
v  24.8440 32.3496 -21.0999
v  24.3760 31.6896 -22.5039
v  24.3760 32.3496 -22.5039
v  23.5960 31.6896 -23.5960
v  23.5960 32.3496 -23.5960
v  24.8440 32.3496 21.0999
v  24.8440 31.6896 21.0999
v  24.3760 32.3496 22.5039
v  24.3760 31.6896 22.5039
v  -21.0999 31.6896 -24.8440
v  -21.0999 32.3496 -24.8440
v  -22.5039 31.6896 -24.3760
v  -22.5039 32.3496 -24.3760
v  -23.5960 31.6896 -23.5960
v  -23.5960 32.3496 -23.5960
v  21.0999 32.3496 -24.8440
v  21.0999 31.6896 -24.8440
v  22.5039 32.3496 -24.3760
v  22.5039 31.6896 -24.3760
v  -24.8440 31.6896 21.0999
v  -24.8440 32.3496 21.0999
v  -24.3760 31.6896 22.5039
v  -24.3760 32.3496 22.5039
v  -24.8440 32.3496 -21.0999
v  -24.8440 31.6896 -21.0999
v  -24.3760 32.3496 -22.5039
v  -24.3760 31.6896 -22.5039
v  -21.0649 31.5196 24.6765
v  -19.3762 31.5196 24.8300
v  -19.3819 31.5621 24.9575
v  -21.0912 31.5621 24.8021
v  -22.4259 31.5196 24.2228
v  -22.4844 31.5621 24.3377
v  -23.4741 31.5196 23.4741
v  -23.5655 31.5621 23.5655
v  -24.2228 31.5196 22.4259
v  -24.3377 31.5621 22.4844
v  -24.6765 31.5196 21.0649
v  -24.8021 31.5621 21.0912
v  -24.8300 31.5196 19.3762
v  -24.9575 31.5621 19.3819
v  -24.8300 31.5196 -19.3762
v  -24.9575 31.5621 -19.3819
v  -24.6765 31.5196 -21.0649
v  -24.8021 31.5621 -21.0912
v  -24.2228 31.5196 -22.4259
v  -24.3377 31.5621 -22.4844
v  -23.4741 31.5196 -23.4741
v  -23.5655 31.5621 -23.5655
v  -22.4259 31.5196 -24.2228
v  -22.4844 31.5621 -24.3377
v  -21.0649 31.5196 -24.6765
v  -21.0912 31.5621 -24.8021
v  -19.3762 31.5196 -24.8300
v  -19.3819 31.5621 -24.9575
v  19.3762 31.5196 -24.8300
v  19.3819 31.5621 -24.9575
v  21.0649 31.5196 -24.6765
v  21.0912 31.5621 -24.8021
v  22.4259 31.5196 -24.2228
v  22.4844 31.5621 -24.3377
v  23.4741 31.5196 -23.4741
v  23.5655 31.5621 -23.5655
v  24.2228 31.5196 -22.4259
v  24.3377 31.5621 -22.4844
v  24.6765 31.5196 -21.0649
v  24.8021 31.5621 -21.0912
v  24.8300 31.5196 -19.3762
v  24.9575 31.5621 -19.3819
v  24.8300 31.5196 19.3762
v  24.9575 31.5621 19.3819
v  24.6765 31.5196 21.0649
v  24.8021 31.5621 21.0912
v  24.2228 31.5196 22.4259
v  24.3377 31.5621 22.4844
v  23.4741 31.5196 23.4741
v  23.5655 31.5621 23.5655
v  22.4259 31.5196 24.2228
v  22.4844 31.5621 24.3377
v  21.0649 31.5196 24.6765
v  21.0912 31.5621 24.8021
v  19.3762 31.5196 24.8300
v  19.3819 31.5621 24.9575
v  -24.6765 32.5196 21.0649
v  -24.8300 32.5196 19.3762
v  -24.9575 32.4771 19.3819
v  -24.8021 32.4771 21.0912
v  -24.2228 32.5196 22.4259
v  -24.3377 32.4771 22.4844
v  -23.4741 32.5196 23.4741
v  -23.5655 32.4771 23.5655
v  -22.4259 32.5196 24.2228
v  -22.4844 32.4771 24.3377
v  -21.0649 32.5196 24.6765
v  -21.0912 32.4771 24.8021
v  -19.3762 32.5196 24.8300
v  -19.3819 32.4771 24.9575
v  19.3762 32.5196 24.8300
v  19.3819 32.4771 24.9575
v  21.0649 32.5196 24.6765
v  21.0912 32.4771 24.8021
v  22.4259 32.5196 24.2228
v  22.4844 32.4771 24.3377
v  23.4741 32.5196 23.4741
v  23.5655 32.4771 23.5655
v  24.2228 32.5196 22.4259
v  24.3377 32.4771 22.4844
v  24.6765 32.5196 21.0649
v  24.8021 32.4771 21.0912
v  24.8300 32.5196 19.3762
v  24.9575 32.4771 19.3819
v  24.8300 32.5196 -19.3762
v  24.9575 32.4771 -19.3819
v  24.6765 32.5196 -21.0649
v  24.8021 32.4771 -21.0912
v  24.2228 32.5196 -22.4259
v  24.3377 32.4771 -22.4844
v  23.4741 32.5196 -23.4741
v  23.5655 32.4771 -23.5655
v  22.4259 32.5196 -24.2228
v  22.4844 32.4771 -24.3377
v  21.0649 32.5196 -24.6765
v  21.0912 32.4771 -24.8021
v  19.3762 32.5196 -24.8300
v  19.3819 32.4771 -24.9575
v  -19.3762 32.5196 -24.8300
v  -19.3819 32.4771 -24.9575
v  -21.0649 32.5196 -24.6765
v  -21.0912 32.4771 -24.8021
v  -22.4259 32.5196 -24.2228
v  -22.4844 32.4771 -24.3377
v  -23.4741 32.5196 -23.4741
v  -23.5655 32.4771 -23.5655
v  -24.2228 32.5196 -22.4259
v  -24.3377 32.4771 -22.4844
v  -24.6765 32.5196 -21.0649
v  -24.8021 32.4771 -21.0912
v  -24.8300 32.5196 -19.3762
v  -24.9575 32.4771 -19.3819
v  19.3839 49.3058 25.0000
v  19.3839 49.9658 25.0000
v  -19.3839 49.9658 25.0000
v  -19.3839 49.3058 25.0000
v  25.0000 49.3058 -19.3839
v  25.0000 49.9658 -19.3839
v  25.0000 49.9658 19.3839
v  25.0000 49.3058 19.3839
v  -19.3839 49.3058 -25.0000
v  -19.3839 49.9658 -25.0000
v  19.3839 49.9658 -25.0000
v  19.3839 49.3058 -25.0000
v  -25.0000 49.3058 19.3839
v  -25.0000 49.9658 19.3839
v  -25.0000 49.9658 -19.3839
v  -25.0000 49.3058 -19.3839
v  21.0999 49.3058 24.8440
v  21.0999 49.9658 24.8440
v  22.5039 49.3058 24.3760
v  22.5039 49.9658 24.3760
v  23.5960 49.3058 23.5960
v  23.5960 49.9658 23.5960
v  -21.0999 49.9658 24.8440
v  -21.0999 49.3058 24.8440
v  -22.5039 49.9658 24.3760
v  -22.5039 49.3058 24.3760
v  -23.5960 49.9658 23.5960
v  -23.5960 49.3058 23.5960
v  24.8440 49.3058 -21.0999
v  24.8440 49.9658 -21.0999
v  24.3760 49.3058 -22.5039
v  24.3760 49.9658 -22.5039
v  23.5960 49.3058 -23.5960
v  23.5960 49.9658 -23.5960
v  24.8440 49.9658 21.0999
v  24.8440 49.3058 21.0999
v  24.3760 49.9658 22.5039
v  24.3760 49.3058 22.5039
v  -21.0999 49.3058 -24.8440
v  -21.0999 49.9658 -24.8440
v  -22.5039 49.3058 -24.3760
v  -22.5039 49.9658 -24.3760
v  -23.5960 49.3058 -23.5960
v  -23.5960 49.9658 -23.5960
v  21.0999 49.9658 -24.8440
v  21.0999 49.3058 -24.8440
v  22.5039 49.9658 -24.3760
v  22.5039 49.3058 -24.3760
v  -24.8440 49.3058 21.0999
v  -24.8440 49.9658 21.0999
v  -24.3760 49.3058 22.5039
v  -24.3760 49.9658 22.5039
v  -24.8440 49.9658 -21.0999
v  -24.8440 49.3058 -21.0999
v  -24.3760 49.9658 -22.5039
v  -24.3760 49.3058 -22.5039
v  -21.0649 49.1358 24.6765
v  -19.3762 49.1358 24.8300
v  -19.3819 49.1783 24.9575
v  -21.0912 49.1783 24.8021
v  -22.4259 49.1358 24.2228
v  -22.4844 49.1783 24.3377
v  -23.4741 49.1358 23.4741
v  -23.5655 49.1783 23.5655
v  -24.2228 49.1358 22.4259
v  -24.3377 49.1783 22.4844
v  -24.6765 49.1358 21.0649
v  -24.8021 49.1783 21.0912
v  -24.8300 49.1358 19.3762
v  -24.9575 49.1783 19.3819
v  -24.8300 49.1358 -19.3762
v  -24.9575 49.1783 -19.3819
v  -24.6765 49.1358 -21.0649
v  -24.8021 49.1783 -21.0912
v  -24.2228 49.1358 -22.4259
v  -24.3377 49.1783 -22.4844
v  -23.4741 49.1358 -23.4741
v  -23.5655 49.1783 -23.5655
v  -22.4259 49.1358 -24.2228
v  -22.4844 49.1783 -24.3377
v  -21.0649 49.1358 -24.6765
v  -21.0912 49.1783 -24.8021
v  -19.3762 49.1358 -24.8300
v  -19.3819 49.1783 -24.9575
v  19.3762 49.1358 -24.8300
v  19.3819 49.1783 -24.9575
v  21.0649 49.1358 -24.6765
v  21.0912 49.1783 -24.8021
v  22.4259 49.1358 -24.2228
v  22.4844 49.1783 -24.3377
v  23.4741 49.1358 -23.4741
v  23.5655 49.1783 -23.5655
v  24.2228 49.1358 -22.4259
v  24.3377 49.1783 -22.4844
v  24.6765 49.1358 -21.0649
v  24.8021 49.1783 -21.0912
v  24.8300 49.1358 -19.3762
v  24.9575 49.1783 -19.3819
v  24.8300 49.1358 19.3762
v  24.9575 49.1783 19.3819
v  24.6765 49.1358 21.0649
v  24.8021 49.1783 21.0912
v  24.2228 49.1358 22.4259
v  24.3377 49.1783 22.4844
v  23.4741 49.1358 23.4741
v  23.5655 49.1783 23.5655
v  22.4259 49.1358 24.2228
v  22.4844 49.1783 24.3377
v  21.0649 49.1358 24.6765
v  21.0912 49.1783 24.8021
v  19.3762 49.1358 24.8300
v  19.3819 49.1783 24.9575
v  -24.6765 50.1358 21.0649
v  -24.8300 50.1358 19.3762
v  -24.9575 50.0933 19.3819
v  -24.8021 50.0933 21.0912
v  -24.2228 50.1358 22.4259
v  -24.3377 50.0933 22.4844
v  -23.4741 50.1358 23.4741
v  -23.5655 50.0933 23.5655
v  -22.4259 50.1358 24.2228
v  -22.4844 50.0933 24.3377
v  -21.0649 50.1358 24.6765
v  -21.0912 50.0933 24.8021
v  -19.3762 50.1358 24.8300
v  -19.3819 50.0933 24.9575
v  19.3762 50.1358 24.8300
v  19.3819 50.0933 24.9575
v  21.0649 50.1358 24.6765
v  21.0912 50.0933 24.8021
v  22.4259 50.1358 24.2228
v  22.4844 50.0933 24.3377
v  23.4741 50.1358 23.4741
v  23.5655 50.0933 23.5655
v  24.2228 50.1358 22.4259
v  24.3377 50.0933 22.4844
v  24.6765 50.1358 21.0649
v  24.8021 50.0933 21.0912
v  24.8300 50.1358 19.3762
v  24.9575 50.0933 19.3819
v  24.8300 50.1358 -19.3762
v  24.9575 50.0933 -19.3819
v  24.6765 50.1358 -21.0649
v  24.8021 50.0933 -21.0912
v  24.2228 50.1358 -22.4259
v  24.3377 50.0933 -22.4844
v  23.4741 50.1358 -23.4741
v  23.5655 50.0933 -23.5655
v  22.4259 50.1358 -24.2228
v  22.4844 50.0933 -24.3377
v  21.0649 50.1358 -24.6765
v  21.0912 50.0933 -24.8021
v  19.3762 50.1358 -24.8300
v  19.3819 50.0933 -24.9575
v  -19.3762 50.1358 -24.8300
v  -19.3819 50.0933 -24.9575
v  -21.0649 50.1358 -24.6765
v  -21.0912 50.0933 -24.8021
v  -22.4259 50.1358 -24.2228
v  -22.4844 50.0933 -24.3377
v  -23.4741 50.1358 -23.4741
v  -23.5655 50.0933 -23.5655
v  -24.2228 50.1358 -22.4259
v  -24.3377 50.0933 -22.4844
v  -24.6765 50.1358 -21.0649
v  -24.8021 50.0933 -21.0912
v  -24.8300 50.1358 -19.3762
v  -24.9575 50.0933 -19.3819
v  22.9503 0.1394 -21.1749
v  19.6624 31.7256 -21.3577
v  19.7852 31.7256 -20.6611
v  23.0409 0.1395 -20.6611
v  22.6894 0.1394 -21.6267
v  19.3087 31.7256 -21.9704
v  22.2897 0.1393 -21.9621
v  18.7668 31.7256 -22.4251
v  21.7994 0.1392 -22.1406
v  18.1020 31.7256 -22.6671
v  21.2777 0.1391 -22.1406
v  17.3946 31.7256 -22.6671
v  20.7874 0.1390 -21.9621
v  16.7298 31.7256 -22.4251
v  20.3877 0.1390 -21.6267
v  16.1879 31.7256 -21.9704
v  20.1268 0.1389 -21.1749
v  15.8342 31.7256 -21.3577
v  20.0362 0.1389 -20.6611
v  15.7113 31.7256 -20.6611
v  20.1268 0.1389 -20.1472
v  15.8342 31.7256 -19.9644
v  20.3877 0.1390 -19.6954
v  16.1879 31.7256 -19.3517
v  20.7874 0.1390 -19.3600
v  16.7298 31.7256 -18.8970
v  21.2777 0.1391 -19.1815
v  17.3946 31.7256 -18.6550
v  21.7994 0.1392 -19.1815
v  18.1020 31.7256 -18.6550
v  22.2897 0.1393 -19.3600
v  18.7668 31.7256 -18.8970
v  22.6894 0.1394 -19.6954
v  19.3087 31.7256 -19.3517
v  22.9503 0.1394 -20.1472
v  19.6624 31.7256 -19.9644
v  22.5954 0.0002 -19.7882
v  22.8312 0.0002 -20.1966
v  22.9277 0.0350 -20.1600
v  22.6733 0.0350 -19.7193
v  22.2341 0.0002 -19.4851
v  22.2836 0.0350 -19.3923
v  21.7910 0.0002 -19.3238
v  21.8054 0.0350 -19.2183
v  21.3194 0.0002 -19.3238
v  21.2966 0.0349 -19.2183
v  20.8763 0.0002 -19.4851
v  20.8185 0.0349 -19.3923
v  20.5151 0.0002 -19.7882
v  20.4288 0.0349 -19.7193
v  20.2793 0.0002 -20.1966
v  20.1744 0.0349 -20.1600
v  20.1974 0.0002 -20.6611
v  20.0860 0.0349 -20.6611
v  20.2793 0.0002 -21.1255
v  20.1744 0.0349 -21.1621
v  20.5151 0.0002 -21.5339
v  20.4288 0.0349 -21.6028
v  20.8763 0.0002 -21.8370
v  20.8185 0.0349 -21.9298
v  21.3194 0.0002 -21.9983
v  21.2966 0.0349 -22.1038
v  21.7910 0.0002 -21.9983
v  21.8055 0.0350 -22.1038
v  22.2341 0.0002 -21.8370
v  22.2836 0.0350 -21.9298
v  22.5954 0.0002 -21.5339
v  22.6733 0.0350 -21.6028
v  22.8312 0.0002 -21.1255
v  22.9277 0.0350 -21.1621
v  22.9131 0.0002 -20.6611
v  23.0161 0.0350 -20.6611
v  22.9503 0.1394 19.5416
v  19.6624 31.7256 19.3588
v  19.7852 31.7256 20.0554
v  23.0409 0.1395 20.0554
v  22.6894 0.1394 19.0897
v  19.3087 31.7256 18.7461
v  22.2897 0.1393 18.7544
v  18.7668 31.7256 18.2914
v  21.7994 0.1392 18.5759
v  18.1020 31.7256 18.0494
v  21.2777 0.1391 18.5759
v  17.3946 31.7256 18.0494
v  20.7874 0.1390 18.7544
v  16.7298 31.7256 18.2914
v  20.3877 0.1390 19.0897
v  16.1879 31.7256 18.7461
v  20.1268 0.1389 19.5416
v  15.8342 31.7256 19.3588
v  20.0362 0.1389 20.0554
v  15.7113 31.7256 20.0554
v  20.1268 0.1389 20.5693
v  15.8342 31.7256 20.7521
v  20.3877 0.1390 21.0211
v  16.1879 31.7256 21.3648
v  20.7874 0.1390 21.3565
v  16.7298 31.7256 21.8195
v  21.2777 0.1391 21.5350
v  17.3946 31.7256 22.0614
v  21.7994 0.1392 21.5350
v  18.1020 31.7256 22.0614
v  22.2897 0.1393 21.3565
v  18.7668 31.7256 21.8195
v  22.6894 0.1394 21.0211
v  19.3087 31.7256 21.3648
v  22.9503 0.1394 20.5693
v  19.6624 31.7256 20.7521
v  22.5954 0.0002 20.9282
v  22.8312 0.0002 20.5198
v  22.9277 0.0350 20.5565
v  22.6733 0.0350 20.9971
v  22.2341 0.0002 21.2314
v  22.2836 0.0350 21.3242
v  21.7910 0.0002 21.3926
v  21.8054 0.0350 21.4982
v  21.3194 0.0002 21.3926
v  21.2966 0.0349 21.4982
v  20.8763 0.0002 21.2314
v  20.8185 0.0349 21.3242
v  20.5151 0.0002 20.9282
v  20.4288 0.0349 20.9971
v  20.2793 0.0002 20.5198
v  20.1744 0.0349 20.5565
v  20.1974 0.0002 20.0554
v  20.0860 0.0349 20.0554
v  20.2793 0.0002 19.5910
v  20.1744 0.0349 19.5544
v  20.5151 0.0002 19.1826
v  20.4288 0.0349 19.1137
v  20.8763 0.0002 18.8795
v  20.8185 0.0349 18.7867
v  21.3194 0.0002 18.7182
v  21.2966 0.0349 18.6126
v  21.7910 0.0002 18.7182
v  21.8055 0.0350 18.6126
v  22.2341 0.0002 18.8795
v  22.2836 0.0350 18.7867
v  22.5954 0.0002 19.1826
v  22.6733 0.0350 19.1137
v  22.8312 0.0002 19.5910
v  22.9277 0.0350 19.5544
v  22.9131 0.0002 20.0554
v  23.0161 0.0350 20.0554
v  -19.0362 31.7256 20.0554
v  -18.9134 31.7256 19.3588
v  -22.2012 0.1394 19.5416
v  -22.2918 0.1395 20.0554
v  -18.5597 31.7256 18.7461
v  -21.9404 0.1394 19.0897
v  -18.0177 31.7256 18.2914
v  -21.5407 0.1393 18.7544
v  -17.3530 31.7256 18.0494
v  -21.0504 0.1392 18.5759
v  -16.6455 31.7256 18.0494
v  -20.5286 0.1391 18.5759
v  -15.9808 31.7256 18.2914
v  -20.0384 0.1390 18.7544
v  -15.4388 31.7256 18.7461
v  -19.6387 0.1390 19.0897
v  -15.0851 31.7256 19.3588
v  -19.3778 0.1389 19.5416
v  -14.9623 31.7256 20.0554
v  -19.2872 0.1389 20.0554
v  -15.0851 31.7256 20.7521
v  -19.3778 0.1389 20.5693
v  -15.4388 31.7256 21.3648
v  -19.6387 0.1390 21.0211
v  -15.9808 31.7256 21.8195
v  -20.0384 0.1390 21.3565
v  -16.6455 31.7256 22.0614
v  -20.5286 0.1391 21.5350
v  -17.3530 31.7256 22.0614
v  -21.0504 0.1392 21.5350
v  -18.0177 31.7256 21.8195
v  -21.5407 0.1393 21.3565
v  -18.5597 31.7256 21.3648
v  -21.9404 0.1394 21.0211
v  -18.9134 31.7256 20.7521
v  -22.2012 0.1394 20.5693
v  -21.8464 0.0002 20.9282
v  -21.9243 0.0350 20.9971
v  -22.1787 0.0350 20.5565
v  -22.0821 0.0002 20.5198
v  -21.4851 0.0002 21.2314
v  -21.5345 0.0350 21.3242
v  -21.0420 0.0002 21.3926
v  -21.0564 0.0350 21.4982
v  -20.5704 0.0002 21.3926
v  -20.5476 0.0349 21.4982
v  -20.1273 0.0002 21.2314
v  -20.0695 0.0349 21.3242
v  -19.7660 0.0002 20.9282
v  -19.6797 0.0349 20.9971
v  -19.5302 0.0002 20.5198
v  -19.4253 0.0349 20.5565
v  -19.4484 0.0002 20.0554
v  -19.3370 0.0349 20.0554
v  -19.5302 0.0002 19.5910
v  -19.4253 0.0349 19.5544
v  -19.7660 0.0002 19.1826
v  -19.6797 0.0349 19.1137
v  -20.1273 0.0002 18.8795
v  -20.0695 0.0349 18.7867
v  -20.5704 0.0002 18.7182
v  -20.5476 0.0349 18.6126
v  -21.0420 0.0002 18.7182
v  -21.0564 0.0350 18.6126
v  -21.4851 0.0002 18.8795
v  -21.5345 0.0350 18.7867
v  -21.8464 0.0002 19.1826
v  -21.9243 0.0350 19.1137
v  -22.0821 0.0002 19.5910
v  -22.1787 0.0350 19.5544
v  -22.1640 0.0002 20.0554
v  -22.2671 0.0350 20.0554
v  -19.0362 31.7256 -20.6611
v  -18.9134 31.7256 -21.3577
v  -22.2012 0.1394 -21.1749
v  -22.2918 0.1395 -20.6611
v  -18.5597 31.7256 -21.9704
v  -21.9404 0.1394 -21.6267
v  -18.0177 31.7256 -22.4251
v  -21.5407 0.1393 -21.9621
v  -17.3530 31.7256 -22.6671
v  -21.0504 0.1392 -22.1406
v  -16.6455 31.7256 -22.6671
v  -20.5286 0.1391 -22.1406
v  -15.9808 31.7256 -22.4251
v  -20.0384 0.1390 -21.9621
v  -15.4388 31.7256 -21.9704
v  -19.6387 0.1390 -21.6267
v  -15.0851 31.7256 -21.3577
v  -19.3778 0.1389 -21.1749
v  -14.9623 31.7256 -20.6611
v  -19.2872 0.1389 -20.6611
v  -15.0851 31.7256 -19.9644
v  -19.3778 0.1389 -20.1472
v  -15.4388 31.7256 -19.3517
v  -19.6387 0.1390 -19.6954
v  -15.9808 31.7256 -18.8970
v  -20.0384 0.1390 -19.3600
v  -16.6455 31.7256 -18.6550
v  -20.5286 0.1391 -19.1815
v  -17.3530 31.7256 -18.6550
v  -21.0504 0.1392 -19.1815
v  -18.0177 31.7256 -18.8970
v  -21.5407 0.1393 -19.3600
v  -18.5597 31.7256 -19.3517
v  -21.9404 0.1394 -19.6954
v  -18.9134 31.7256 -19.9644
v  -22.2012 0.1394 -20.1472
v  -21.8464 0.0002 -19.7882
v  -21.9243 0.0350 -19.7193
v  -22.1787 0.0350 -20.1600
v  -22.0821 0.0002 -20.1966
v  -21.4851 0.0002 -19.4851
v  -21.5345 0.0350 -19.3923
v  -21.0420 0.0002 -19.3238
v  -21.0564 0.0350 -19.2183
v  -20.5704 0.0002 -19.3238
v  -20.5476 0.0349 -19.2183
v  -20.1273 0.0002 -19.4851
v  -20.0695 0.0349 -19.3923
v  -19.7660 0.0002 -19.7882
v  -19.6797 0.0349 -19.7193
v  -19.5302 0.0002 -20.1966
v  -19.4253 0.0349 -20.1600
v  -19.4484 0.0002 -20.6611
v  -19.3370 0.0349 -20.6611
v  -19.5302 0.0002 -21.1255
v  -19.4253 0.0349 -21.1621
v  -19.7660 0.0002 -21.5339
v  -19.6797 0.0349 -21.6028
v  -20.1273 0.0002 -21.8370
v  -20.0695 0.0349 -21.9298
v  -20.5704 0.0002 -21.9983
v  -20.5476 0.0349 -22.1038
v  -21.0420 0.0002 -21.9983
v  -21.0564 0.0350 -22.1038
v  -21.4851 0.0002 -21.8370
v  -21.5345 0.0350 -21.9298
v  -21.8464 0.0002 -21.5339
v  -21.9243 0.0350 -21.6028
v  -22.0821 0.0002 -21.1255
v  -22.1787 0.0350 -21.1621
v  -22.1640 0.0002 -20.6611
v  -22.2671 0.0350 -20.6611
v  -22.5499 49.0546 24.2994
v  -22.5499 32.6108 24.2994
v  -21.1685 32.6108 24.7599
v  -21.1685 49.0546 24.7599
v  -17.2344 32.6316 24.8887
v  -17.2344 49.0338 24.8887
v  -24.9124 49.1344 19.4500
v  -24.7664 49.1345 21.0659
v  -24.3123 49.1345 22.4282
v  -17.2135 49.1346 19.4500
v  -17.2132 49.0546 19.3700
v  -17.2132 32.6108 19.3700
v  -24.9200 32.6108 19.3700
v  -24.9200 49.0546 19.3700
v  -24.9928 49.0546 19.4497
v  -24.9727 49.1146 19.4498
v  -24.9672 49.1046 19.3999
v  -24.9782 49.0546 19.3899
v  -17.1744 49.0336 24.8707
v  -17.1843 49.0835 24.8603
v  -17.2343 49.0937 24.8687
v  -24.9181 49.1146 19.3900
v  -17.2341 49.1136 24.8087
v  -17.1741 49.0937 24.8106
v  -17.1535 49.1144 19.4500
v  -17.1633 49.1046 19.4000
v  -17.2133 49.1146 19.3900
v  -17.1335 49.0543 19.4500
v  -17.1533 49.0545 19.3900
v  -17.1541 49.0337 24.8113
v  -24.8452 49.0546 21.0824
v  -24.8255 49.1146 21.0783
v  -24.3844 49.0546 22.4649
v  -24.3664 49.1146 22.4558
v  -23.6200 49.0546 23.5350
v  -23.6057 49.1146 23.5207
v  -21.1649 49.1146 24.7400
v  -22.5408 49.1146 24.2814
v  -23.5627 49.1346 23.4777
v  -22.5132 49.1346 24.2273
v  -21.1542 49.1347 24.6803
v  -17.1335 32.6111 19.4500
v  -17.1533 32.6108 19.3900
v  -24.9782 32.6108 19.3899
v  -24.8452 32.6108 21.0824
v  -24.3844 32.6108 22.4649
v  -23.6200 32.6108 23.5350
v  -24.9928 32.6108 19.4497
v  -24.9124 32.5310 19.4500
v  -17.2135 32.5307 19.4500
v  -24.3123 32.5308 22.4282
v  -24.7664 32.5309 21.0659
v  -24.9672 32.5608 19.3999
v  -24.9727 32.5508 19.4498
v  -17.2343 32.5716 24.8687
v  -17.1843 32.5818 24.8603
v  -17.1744 32.6318 24.8707
v  -24.9181 32.5508 19.3900
v  -17.2341 32.5518 24.8087
v  -17.1741 32.5717 24.8106
v  -17.2133 32.5507 19.3900
v  -17.1633 32.5608 19.4000
v  -17.1535 32.5510 19.4500
v  -17.1541 32.6317 24.8113
v  -24.8255 32.5508 21.0783
v  -24.3664 32.5508 22.4558
v  -23.6057 32.5508 23.5207
v  -22.5408 32.5507 24.2814
v  -21.1649 32.5507 24.7400
v  -23.5627 32.5308 23.4777
v  -22.5132 32.5307 24.2273
v  -21.1542 32.5307 24.6803
v  21.0835 32.6108 24.7599
v  22.4649 32.6108 24.2994
v  22.4649 49.0546 24.2994
v  21.0835 49.0546 24.7599
v  17.1494 32.6316 24.8887
v  17.1494 49.0338 24.8887
v  24.8274 49.1344 19.4500
v  17.1285 49.1346 19.4500
v  24.2273 49.1345 22.4282
v  24.6814 49.1345 21.0659
v  24.8350 32.6108 19.3700
v  17.1282 32.6108 19.3700
v  17.1282 49.0546 19.3700
v  24.8350 49.0546 19.3700
v  24.9078 49.0546 19.4497
v  24.8932 49.0546 19.3899
v  24.8822 49.1046 19.3999
v  24.8877 49.1146 19.4498
v  17.1493 49.0937 24.8687
v  17.0993 49.0835 24.8603
v  17.0894 49.0336 24.8707
v  24.8331 49.1146 19.3900
v  17.1491 49.1136 24.8087
v  17.0891 49.0937 24.8106
v  17.1283 49.1146 19.3900
v  17.0783 49.1046 19.4000
v  17.0685 49.1144 19.4500
v  17.0485 49.0543 19.4500
v  17.0683 49.0545 19.3900
v  17.0691 49.0337 24.8113
v  24.7405 49.1146 21.0783
v  24.7602 49.0546 21.0824
v  24.2814 49.1146 22.4558
v  24.2994 49.0546 22.4649
v  23.5207 49.1146 23.5207
v  23.5350 49.0546 23.5350
v  22.4558 49.1146 24.2814
v  21.0799 49.1146 24.7400
v  23.4777 49.1346 23.4777
v  22.4282 49.1346 24.2273
v  21.0692 49.1347 24.6803
v  17.0683 32.6108 19.3900
v  17.0485 32.6111 19.4500
v  24.8932 32.6108 19.3899
v  24.7602 32.6108 21.0824
v  24.2994 32.6108 22.4649
v  23.5350 32.6108 23.5350
v  24.9078 32.6108 19.4497
v  24.8274 32.5310 19.4500
v  24.6814 32.5309 21.0659
v  24.2273 32.5308 22.4282
v  17.1285 32.5307 19.4500
v  24.8877 32.5508 19.4498
v  24.8822 32.5608 19.3999
v  17.0894 32.6318 24.8707
v  17.0993 32.5818 24.8603
v  17.1493 32.5716 24.8687
v  24.8331 32.5508 19.3900
v  17.1491 32.5518 24.8087
v  17.0891 32.5717 24.8106
v  17.0685 32.5510 19.4500
v  17.0783 32.5608 19.4000
v  17.1283 32.5507 19.3900
v  17.0691 32.6317 24.8113
v  24.7405 32.5508 21.0783
v  24.2814 32.5508 22.4558
v  23.5207 32.5508 23.5207
v  21.0799 32.5507 24.7400
v  22.4558 32.5507 24.2814
v  23.4777 32.5308 23.4777
v  22.4282 32.5307 24.2273
v  21.0692 32.5307 24.6803
v  -21.1685 32.6108 -24.7599
v  -22.5499 32.6108 -24.2994
v  -22.5499 49.0546 -24.2994
v  -21.1685 49.0546 -24.7599
v  -17.2344 32.6316 -24.8887
v  -17.2344 49.0338 -24.8887
v  -24.9124 49.1344 -19.4500
v  -17.2135 49.1346 -19.4500
v  -24.3123 49.1345 -22.4282
v  -24.7664 49.1345 -21.0659
v  -24.9200 32.6108 -19.3700
v  -17.2132 32.6108 -19.3700
v  -17.2132 49.0546 -19.3700
v  -24.9200 49.0546 -19.3700
v  -24.9928 49.0546 -19.4497
v  -24.9782 49.0546 -19.3899
v  -24.9672 49.1046 -19.3999
v  -24.9727 49.1146 -19.4498
v  -17.2343 49.0937 -24.8687
v  -17.1843 49.0835 -24.8603
v  -17.1744 49.0336 -24.8706
v  -24.9181 49.1146 -19.3900
v  -17.2341 49.1136 -24.8086
v  -17.1741 49.0937 -24.8106
v  -17.2133 49.1146 -19.3900
v  -17.1633 49.1046 -19.4000
v  -17.1535 49.1144 -19.4500
v  -17.1335 49.0543 -19.4500
v  -17.1533 49.0545 -19.3900
v  -17.1541 49.0337 -24.8113
v  -24.8255 49.1146 -21.0783
v  -24.8452 49.0546 -21.0824
v  -24.3664 49.1146 -22.4558
v  -24.3844 49.0546 -22.4649
v  -23.6057 49.1146 -23.5207
v  -23.6200 49.0546 -23.5350
v  -22.5408 49.1146 -24.2814
v  -21.1649 49.1146 -24.7400
v  -23.5627 49.1346 -23.4777
v  -22.5132 49.1346 -24.2273
v  -21.1542 49.1347 -24.6803
v  -17.1533 32.6108 -19.3900
v  -17.1335 32.6111 -19.4500
v  -24.9782 32.6108 -19.3899
v  -24.8452 32.6108 -21.0824
v  -24.3844 32.6108 -22.4649
v  -23.6200 32.6108 -23.5350
v  -24.9928 32.6108 -19.4497
v  -24.9124 32.5310 -19.4500
v  -24.7664 32.5309 -21.0659
v  -24.3123 32.5308 -22.4282
v  -17.2135 32.5307 -19.4500
v  -24.9727 32.5508 -19.4498
v  -24.9672 32.5608 -19.3999
v  -17.1744 32.6318 -24.8706
v  -17.1843 32.5818 -24.8603
v  -17.2343 32.5716 -24.8687
v  -24.9181 32.5508 -19.3900
v  -17.2341 32.5518 -24.8086
v  -17.1741 32.5717 -24.8106
v  -17.1535 32.5510 -19.4500
v  -17.1633 32.5608 -19.4000
v  -17.2133 32.5507 -19.3900
v  -17.1541 32.6317 -24.8113
v  -24.8255 32.5508 -21.0783
v  -24.3664 32.5508 -22.4558
v  -23.6057 32.5508 -23.5207
v  -21.1649 32.5507 -24.7400
v  -22.5408 32.5507 -24.2814
v  -23.5627 32.5308 -23.4777
v  -22.5132 32.5307 -24.2273
v  -21.1542 32.5307 -24.6803
v  22.4649 49.0546 -24.2994
v  22.4649 32.6108 -24.2994
v  21.0835 32.6108 -24.7599
v  21.0835 49.0546 -24.7599
v  17.1494 32.6316 -24.8887
v  17.1494 49.0338 -24.8887
v  24.8274 49.1344 -19.4500
v  24.6814 49.1345 -21.0659
v  24.2273 49.1345 -22.4282
v  17.1285 49.1346 -19.4500
v  17.1282 49.0546 -19.3700
v  17.1282 32.6108 -19.3700
v  24.8350 32.6108 -19.3700
v  24.8350 49.0546 -19.3700
v  24.9078 49.0546 -19.4497
v  24.8877 49.1146 -19.4498
v  24.8822 49.1046 -19.3999
v  24.8932 49.0546 -19.3899
v  17.0894 49.0336 -24.8706
v  17.0993 49.0835 -24.8603
v  17.1493 49.0937 -24.8687
v  24.8331 49.1146 -19.3900
v  17.1491 49.1136 -24.8086
v  17.0891 49.0937 -24.8106
v  17.0685 49.1144 -19.4500
v  17.0783 49.1046 -19.4000
v  17.1283 49.1146 -19.3900
v  17.0485 49.0543 -19.4500
v  17.0683 49.0545 -19.3900
v  17.0691 49.0337 -24.8113
v  24.7602 49.0546 -21.0824
v  24.7405 49.1146 -21.0783
v  24.2994 49.0546 -22.4649
v  24.2814 49.1146 -22.4558
v  23.5350 49.0546 -23.5350
v  23.5207 49.1146 -23.5207
v  21.0799 49.1146 -24.7400
v  22.4558 49.1146 -24.2814
v  23.4777 49.1346 -23.4777
v  22.4282 49.1346 -24.2273
v  21.0692 49.1347 -24.6803
v  17.0485 32.6111 -19.4500
v  17.0683 32.6108 -19.3900
v  24.8932 32.6108 -19.3899
v  24.7602 32.6108 -21.0824
v  24.2994 32.6108 -22.4649
v  23.5350 32.6108 -23.5350
v  24.9078 32.6108 -19.4497
v  24.8274 32.5310 -19.4500
v  17.1285 32.5307 -19.4500
v  24.2273 32.5308 -22.4282
v  24.6814 32.5309 -21.0659
v  24.8822 32.5608 -19.3999
v  24.8877 32.5508 -19.4498
v  17.1493 32.5716 -24.8687
v  17.0993 32.5818 -24.8603
v  17.0894 32.6318 -24.8706
v  24.8331 32.5508 -19.3900
v  17.1491 32.5518 -24.8086
v  17.0891 32.5717 -24.8106
v  17.1283 32.5507 -19.3900
v  17.0783 32.5608 -19.4000
v  17.0685 32.5510 -19.4500
v  17.0691 32.6317 -24.8113
v  24.7405 32.5508 -21.0783
v  24.2814 32.5508 -22.4558
v  23.5207 32.5508 -23.5207
v  22.4558 32.5507 -24.2814
v  21.0799 32.5507 -24.7400
v  23.4777 32.5308 -23.4777
v  22.4282 32.5307 -24.2273
v  21.0692 32.5307 -24.6803
v  24.9150 49.0546 -19.2900
v  24.8950 49.0546 -19.3500
v  24.8850 49.1046 -19.3400
v  24.8950 49.1146 -19.2900
v  17.0482 49.0546 -19.2900
v  17.0682 49.1146 -19.2900
v  17.0782 49.1046 -19.3400
v  17.0682 49.0546 -19.3500
v  24.8350 49.1346 -19.2900
v  24.8350 49.1146 -19.3500
v  17.1282 49.1346 -19.2900
v  17.1282 49.1146 -19.3500
v  17.0482 49.0546 19.2900
v  17.0682 49.1146 19.2900
v  17.0482 32.6108 -19.2900
v  17.0482 32.6108 19.2900
v  17.0682 32.6108 -19.3500
v  24.9150 49.0546 19.2900
v  24.8950 49.1146 19.2900
v  24.8850 49.1046 19.3400
v  24.8950 49.0546 19.3500
v  17.0682 49.0546 19.3500
v  17.0782 49.1046 19.3400
v  24.8350 49.1346 19.2900
v  24.8350 49.1146 19.3500
v  17.1282 49.1346 19.2900
v  17.1282 49.1146 19.3500
v  24.9150 32.6108 -19.2900
v  24.8950 32.5508 -19.2900
v  24.8850 32.5608 -19.3400
v  24.8950 32.6108 -19.3500
v  17.0782 32.5608 -19.3400
v  17.0682 32.5508 -19.2900
v  24.8350 32.5308 -19.2900
v  24.8350 32.5508 -19.3500
v  17.1282 32.5308 -19.2900
v  17.1282 32.5508 -19.3500
v  17.0682 32.5508 19.2900
v  24.9150 32.6108 19.2900
v  24.8950 32.6108 19.3500
v  24.8850 32.5608 19.3400
v  24.8950 32.5508 19.2900
v  17.0782 32.5608 19.3400
v  17.0682 32.6108 19.3500
v  24.8350 32.5308 19.2900
v  24.8350 32.5508 19.3500
v  17.1282 32.5308 19.2900
v  17.1282 32.5508 19.3500
v  -25.0000 49.0546 -19.2900
v  -24.9800 49.1146 -19.2900
v  -24.9700 49.1046 -19.3400
v  -24.9800 49.0546 -19.3500
v  -17.1332 49.0546 -19.2900
v  -17.1532 49.0546 -19.3500
v  -17.1632 49.1046 -19.3400
v  -17.1532 49.1146 -19.2900
v  -24.9200 49.1346 -19.2900
v  -24.9200 49.1146 -19.3500
v  -17.2132 49.1346 -19.2900
v  -17.2132 49.1146 -19.3500
v  -17.1532 49.1146 19.2900
v  -17.1332 49.0546 19.2900
v  -17.1332 32.6108 19.2900
v  -17.1332 32.6108 -19.2900
v  -24.9800 32.6108 -19.3500
v  -25.0000 32.6108 -19.2900
v  -25.0000 49.0546 19.2900
v  -24.9800 49.0546 19.3500
v  -24.9700 49.1046 19.3400
v  -24.9800 49.1146 19.2900
v  -17.1632 49.1046 19.3400
v  -17.1532 49.0546 19.3500
v  -24.9200 49.1346 19.2900
v  -24.9200 49.1146 19.3500
v  -17.2132 49.1346 19.2900
v  -17.2132 49.1146 19.3500
v  -24.9800 32.6108 19.3500
v  -24.9700 32.5608 -19.3400
v  -24.9800 32.5508 -19.2900
v  -17.1532 32.5508 -19.2900
v  -17.1632 32.5608 -19.3400
v  -17.1532 32.6108 -19.3500
v  -24.9200 32.5308 -19.2900
v  -24.9200 32.5508 -19.3500
v  -17.2132 32.5308 -19.2900
v  -17.2132 32.5508 -19.3500
v  -17.1532 32.5508 19.2900
v  -25.0000 32.6108 19.2900
v  -24.9800 32.5508 19.2900
v  -24.9700 32.5608 19.3400
v  -17.1532 32.6108 19.3500
v  -17.1632 32.5608 19.3400
v  -24.9200 32.5308 19.2900
v  -24.9200 32.5508 19.3500
v  -17.2132 32.5308 19.2900
v  -17.2132 32.5508 19.3500
# 1008 vertices

vn 0.0038 -0.0535 0.9986
vn 0.0038 0.0535 0.9986
vn -0.0038 0.0535 0.9986
vn -0.0038 -0.0535 0.9986
vn 0.9986 -0.0535 -0.0038
vn 0.9986 0.0535 -0.0038
vn 0.9986 0.0535 0.0038
vn 0.9986 -0.0535 0.0038
vn -0.0038 -0.0535 -0.9986
vn -0.0038 0.0535 -0.9986
vn 0.0038 0.0535 -0.9986
vn 0.0038 -0.0535 -0.9986
vn -0.9986 -0.0535 0.0038
vn -0.9986 0.0535 0.0038
vn -0.9986 0.0535 -0.0038
vn -0.9986 -0.0535 -0.0038
vn 0.1959 -0.0531 0.9792
vn 0.1959 0.0531 0.9792
vn 0.4465 -0.0529 0.8932
vn 0.4465 0.0529 0.8932
vn 0.7061 -0.0529 0.7061
vn 0.7061 0.0529 0.7061
vn -0.1959 0.0531 0.9792
vn -0.1959 -0.0531 0.9792
vn -0.4465 0.0529 0.8932
vn -0.4465 -0.0529 0.8932
vn -0.7061 0.0529 0.7061
vn -0.7061 -0.0529 0.7061
vn 0.9792 -0.0531 -0.1959
vn 0.9792 0.0531 -0.1959
vn 0.8932 -0.0529 -0.4465
vn 0.8932 0.0529 -0.4465
vn 0.7061 -0.0529 -0.7061
vn 0.7061 0.0529 -0.7061
vn 0.9792 0.0531 0.1959
vn 0.9792 -0.0531 0.1959
vn 0.8932 0.0529 0.4465
vn 0.8932 -0.0529 0.4465
vn -0.1959 -0.0531 -0.9792
vn -0.1959 0.0531 -0.9792
vn -0.4465 -0.0529 -0.8932
vn -0.4465 0.0529 -0.8932
vn -0.7061 -0.0529 -0.7061
vn -0.7061 0.0529 -0.7061
vn 0.1959 0.0531 -0.9792
vn 0.1959 -0.0531 -0.9792
vn 0.4465 0.0529 -0.8932
vn 0.4465 -0.0529 -0.8932
vn -0.9792 -0.0531 0.1959
vn -0.9792 0.0531 0.1959
vn -0.8932 -0.0529 0.4465
vn -0.8932 0.0529 0.4465
vn -0.9792 0.0531 -0.1959
vn -0.9792 -0.0531 -0.1959
vn -0.8932 0.0529 -0.4465
vn -0.8932 -0.0529 -0.4465
vn 0.0000 -1.0000 -0.0000
vn 0.0000 -1.0000 0.0004
vn -0.0027 -0.7006 0.7136
vn -0.1417 -0.6904 0.7094
vn -0.3254 -0.6856 0.6512
vn -0.5161 -0.6836 0.5161
vn -0.6512 -0.6856 0.3254
vn -0.7094 -0.6904 0.1417
vn -0.0004 -1.0000 -0.0000
vn -0.7136 -0.7006 0.0027
vn -0.7136 -0.7006 -0.0027
vn -0.7094 -0.6904 -0.1417
vn -0.6512 -0.6856 -0.3254
vn -0.5161 -0.6836 -0.5161
vn -0.3254 -0.6856 -0.6512
vn -0.1417 -0.6904 -0.7094
vn 0.0000 -1.0000 -0.0004
vn -0.0027 -0.7006 -0.7136
vn 0.0027 -0.7006 -0.7136
vn 0.1417 -0.6904 -0.7094
vn 0.3254 -0.6856 -0.6512
vn 0.5161 -0.6836 -0.5161
vn 0.6512 -0.6856 -0.3254
vn 0.7094 -0.6904 -0.1417
vn 0.0004 -1.0000 -0.0000
vn 0.7136 -0.7006 -0.0027
vn 0.7136 -0.7006 0.0027
vn 0.7094 -0.6904 0.1417
vn 0.6512 -0.6856 0.3254
vn 0.5161 -0.6836 0.5161
vn 0.3254 -0.6856 0.6512
vn 0.1417 -0.6904 0.7094
vn 0.0027 -0.7006 0.7136
vn 0.0000 1.0000 -0.0000
vn -0.0004 1.0000 -0.0000
vn -0.7136 0.7006 0.0027
vn -0.7094 0.6904 0.1417
vn -0.6512 0.6856 0.3254
vn -0.5161 0.6836 0.5161
vn -0.3254 0.6856 0.6512
vn -0.1417 0.6904 0.7094
vn 0.0000 1.0000 0.0004
vn -0.0027 0.7006 0.7136
vn 0.0027 0.7006 0.7136
vn 0.1417 0.6904 0.7094
vn 0.3254 0.6856 0.6512
vn 0.5161 0.6836 0.5161
vn 0.6512 0.6856 0.3254
vn 0.7094 0.6904 0.1417
vn 0.0004 1.0000 -0.0000
vn 0.7136 0.7006 0.0027
vn 0.7136 0.7006 -0.0027
vn 0.7094 0.6904 -0.1417
vn 0.6512 0.6856 -0.3254
vn 0.5161 0.6836 -0.5161
vn 0.3254 0.6856 -0.6512
vn 0.1417 0.6904 -0.7094
vn 0.0000 1.0000 -0.0004
vn 0.0027 0.7006 -0.7136
vn -0.0027 0.7006 -0.7136
vn -0.1417 0.6904 -0.7094
vn -0.3254 0.6856 -0.6512
vn -0.5161 0.6836 -0.5161
vn -0.6512 0.6856 -0.3254
vn -0.7094 0.6904 -0.1417
vn -0.7136 0.7006 -0.0027
vn 0.0038 -0.0534 0.9986
vn 0.0038 0.0534 0.9986
vn -0.0038 0.0534 0.9986
vn -0.0038 -0.0534 0.9986
vn 0.9986 -0.0534 -0.0038
vn 0.9986 0.0534 -0.0038
vn 0.9986 0.0534 0.0038
vn 0.9986 -0.0534 0.0038
vn -0.0038 -0.0534 -0.9986
vn -0.0038 0.0534 -0.9986
vn 0.0038 0.0534 -0.9986
vn 0.0038 -0.0534 -0.9986
vn -0.9986 -0.0534 0.0038
vn -0.9986 0.0534 0.0038
vn -0.9986 0.0534 -0.0038
vn -0.9986 -0.0534 -0.0038
vn 0.1959 -0.0530 0.9792
vn 0.1959 0.0530 0.9792
vn 0.4465 -0.0528 0.8932
vn 0.4465 0.0528 0.8932
vn 0.7061 -0.0528 0.7061
vn 0.7061 0.0528 0.7061
vn -0.1959 0.0530 0.9792
vn -0.1959 -0.0530 0.9792
vn -0.4465 0.0528 0.8932
vn -0.4465 -0.0528 0.8932
vn -0.7061 0.0528 0.7061
vn -0.7061 -0.0528 0.7061
vn 0.9792 -0.0530 -0.1959
vn 0.9792 0.0530 -0.1959
vn 0.8932 -0.0528 -0.4465
vn 0.8932 0.0528 -0.4465
vn 0.7061 -0.0528 -0.7061
vn 0.7061 0.0528 -0.7061
vn 0.9792 0.0530 0.1959
vn 0.9792 -0.0530 0.1959
vn 0.8932 0.0528 0.4465
vn 0.8932 -0.0528 0.4465
vn -0.1959 -0.0530 -0.9792
vn -0.1959 0.0530 -0.9792
vn -0.4465 -0.0528 -0.8932
vn -0.4465 0.0528 -0.8932
vn -0.7061 -0.0528 -0.7061
vn -0.7061 0.0528 -0.7061
vn 0.1959 0.0530 -0.9792
vn 0.1959 -0.0530 -0.9792
vn 0.4465 0.0528 -0.8932
vn 0.4465 -0.0528 -0.8932
vn -0.9792 -0.0530 0.1959
vn -0.9792 0.0530 0.1959
vn -0.8932 -0.0528 0.4465
vn -0.8932 0.0528 0.4465
vn -0.9792 0.0530 -0.1959
vn -0.9792 -0.0530 -0.1959
vn -0.8932 0.0528 -0.4465
vn -0.8932 -0.0528 -0.4465
vn -0.1417 -0.6905 0.7093
vn -0.3254 -0.6857 0.6511
vn -0.6511 -0.6857 0.3254
vn -0.7093 -0.6905 0.1417
vn -0.7093 -0.6905 -0.1417
vn -0.6511 -0.6857 -0.3254
vn -0.3254 -0.6857 -0.6511
vn -0.1417 -0.6905 -0.7093
vn 0.1417 -0.6905 -0.7093
vn 0.3254 -0.6857 -0.6511
vn 0.6511 -0.6857 -0.3254
vn 0.7093 -0.6905 -0.1417
vn 0.7093 -0.6905 0.1417
vn 0.6511 -0.6857 0.3254
vn 0.3254 -0.6857 0.6511
vn 0.1417 -0.6905 0.7093
vn -0.7093 0.6905 0.1417
vn -0.6511 0.6857 0.3254
vn -0.3254 0.6857 0.6511
vn -0.1417 0.6905 0.7093
vn 0.1417 0.6905 0.7093
vn 0.3254 0.6857 0.6511
vn 0.6511 0.6857 0.3254
vn 0.7093 0.6905 0.1417
vn 0.7093 0.6905 -0.1417
vn 0.6511 0.6857 -0.3254
vn 0.3254 0.6857 -0.6511
vn 0.1417 0.6905 -0.7093
vn -0.1417 0.6905 -0.7093
vn -0.3254 0.6857 -0.6511
vn -0.6511 0.6857 -0.3254
vn -0.7093 0.6905 -0.1417
vn 0.9370 0.0946 -0.3362
vn 0.9339 0.0952 -0.3447
vn 0.9947 0.1025 -0.0000
vn 0.9948 0.1017 -0.0000
vn 0.7693 0.0746 -0.6345
vn 0.7586 0.0741 -0.6474
vn 0.5094 0.0433 -0.8594
vn 0.4896 0.0419 -0.8709
vn 0.1863 0.0046 -0.9825
vn 0.1608 0.0024 -0.9870
vn -0.1608 -0.0372 -0.9863
vn -0.1863 -0.0393 -0.9817
vn -0.4889 -0.0765 -0.8690
vn -0.5084 -0.0779 -0.8576
vn -0.7562 -0.1085 -0.6452
vn -0.7669 -0.1089 -0.6325
vn -0.9303 -0.1293 -0.3433
vn -0.9334 -0.1288 -0.3349
vn -0.9906 -0.1366 -0.0000
vn -0.9908 -0.1357 -0.0000
vn -0.9303 -0.1293 0.3433
vn -0.9334 -0.1288 0.3349
vn -0.7562 -0.1085 0.6452
vn -0.7669 -0.1089 0.6325
vn -0.4889 -0.0765 0.8690
vn -0.5084 -0.0779 0.8576
vn -0.1608 -0.0372 0.9863
vn -0.1863 -0.0393 0.9817
vn 0.1863 0.0046 0.9825
vn 0.1608 0.0024 0.9870
vn 0.5094 0.0433 0.8594
vn 0.4896 0.0419 0.8709
vn 0.7693 0.0746 0.6345
vn 0.7586 0.0741 0.6474
vn 0.9370 0.0946 0.3362
vn 0.9339 0.0952 0.3447
vn 0.0029 -1.0000 0.0023
vn 0.0034 -1.0000 0.0013
vn 0.7225 -0.6404 0.2605
vn 0.5854 -0.6493 0.4856
vn 0.0019 -1.0000 0.0031
vn 0.3794 -0.6625 0.6459
vn 0.0006 -1.0000 0.0036
vn 0.1337 -0.6779 0.7229
vn -0.0006 -1.0000 0.0036
vn -0.1192 -0.6935 0.7105
vn -0.0017 -1.0000 0.0032
vn -0.3489 -0.7075 0.6146
vn -0.0029 -1.0000 0.0023
vn -0.5306 -0.7183 0.4499
vn -0.0034 -1.0000 0.0013
vn -0.6464 -0.7252 0.2373
vn -0.0036 -1.0000 -0.0000
vn -0.6860 -0.7276 -0.0000
vn -0.0034 -1.0000 -0.0013
vn -0.6464 -0.7252 -0.2373
vn -0.0029 -1.0000 -0.0023
vn -0.5305 -0.7184 -0.4500
vn -0.0017 -1.0000 -0.0032
vn -0.3489 -0.7075 -0.6146
vn -0.0006 -1.0000 -0.0036
vn -0.1192 -0.6935 -0.7105
vn 0.0006 -1.0000 -0.0036
vn 0.1337 -0.6779 -0.7229
vn 0.0019 -1.0000 -0.0031
vn 0.3794 -0.6625 -0.6459
vn 0.0029 -1.0000 -0.0023
vn 0.5854 -0.6493 -0.4856
vn 0.0034 -1.0000 -0.0013
vn 0.7225 -0.6404 -0.2605
vn 0.0036 -1.0000 -0.0000
vn 0.7705 -0.6374 -0.0000
vn -0.9947 0.1025 -0.0000
vn -0.9339 0.0952 -0.3447
vn -0.9370 0.0946 -0.3362
vn -0.9948 0.1017 -0.0000
vn -0.7586 0.0741 -0.6474
vn -0.7693 0.0746 -0.6345
vn -0.4896 0.0419 -0.8709
vn -0.5094 0.0433 -0.8594
vn -0.1608 0.0024 -0.9870
vn -0.1863 0.0046 -0.9825
vn 0.1863 -0.0393 -0.9817
vn 0.1608 -0.0372 -0.9863
vn 0.5084 -0.0779 -0.8576
vn 0.4889 -0.0765 -0.8690
vn 0.7669 -0.1089 -0.6325
vn 0.7562 -0.1085 -0.6452
vn 0.9334 -0.1288 -0.3349
vn 0.9303 -0.1293 -0.3433
vn 0.9908 -0.1357 -0.0000
vn 0.9906 -0.1366 -0.0000
vn 0.9334 -0.1288 0.3349
vn 0.9303 -0.1293 0.3433
vn 0.7669 -0.1089 0.6325
vn 0.7562 -0.1085 0.6452
vn 0.5084 -0.0779 0.8576
vn 0.4889 -0.0765 0.8690
vn 0.1863 -0.0393 0.9817
vn 0.1608 -0.0372 0.9863
vn -0.1608 0.0024 0.9870
vn -0.1863 0.0046 0.9825
vn -0.4896 0.0419 0.8709
vn -0.5094 0.0433 0.8594
vn -0.7586 0.0741 0.6474
vn -0.7693 0.0746 0.6345
vn -0.9339 0.0952 0.3447
vn -0.9370 0.0946 0.3362
vn -0.5854 -0.6493 0.4856
vn -0.7225 -0.6404 0.2605
vn -0.0019 -1.0000 0.0031
vn -0.3794 -0.6625 0.6459
vn -0.1337 -0.6779 0.7229
vn 0.1192 -0.6935 0.7105
vn 0.0017 -1.0000 0.0032
vn 0.3489 -0.7075 0.6146
vn 0.5306 -0.7183 0.4499
vn 0.6464 -0.7252 0.2373
vn 0.6860 -0.7276 -0.0000
vn 0.6464 -0.7252 -0.2373
vn 0.5305 -0.7184 -0.4500
vn 0.0017 -1.0000 -0.0032
vn 0.3489 -0.7075 -0.6146
vn 0.1192 -0.6935 -0.7105
vn -0.1337 -0.6779 -0.7229
vn -0.0019 -1.0000 -0.0031
vn -0.3794 -0.6625 -0.6459
vn -0.5853 -0.6494 -0.4855
vn -0.7225 -0.6404 -0.2605
vn -0.7705 -0.6374 -0.0000
vn -0.5853 -0.6494 0.4855
vn -0.5854 -0.6493 -0.4856
vn -0.4469 0.0011 0.8946
vn -0.4469 -0.0012 0.8946
vn -0.1104 -0.0012 0.9939
vn -0.1104 0.0011 0.9939
vn -0.0278 -0.0012 0.9996
vn -0.0278 0.0011 0.9996
vn -0.0010 1.0000 -0.0048
vn -0.0008 1.0000 0.0002
vn -0.0008 1.0000 0.0004
vn 0.0038 1.0000 -0.0023
vn 0.0025 0.0011 -1.0000
vn 0.0025 -0.0012 -1.0000
vn -0.0025 -0.0012 -1.0000
vn -0.0025 0.0011 -1.0000
vn -0.9969 0.0011 0.0784
vn -0.7172 0.6945 0.0568
vn -0.5984 0.5858 -0.5467
vn -0.7382 0.0008 -0.6746
vn 0.6938 0.0008 0.7201
vn 0.5667 0.5781 0.5871
vn -0.0162 0.7029 0.7111
vn -0.0017 0.6944 -0.7196
vn 0.0059 1.0000 0.0044
vn 0.7113 0.7029 0.0078
vn 0.7086 0.7056 0.0031
vn 0.5787 0.5783 -0.5751
vn 0.0017 0.7063 -0.7079
vn 1.0000 0.0011 0.0002
vn 0.7079 0.0008 -0.7063
vn 1.0000 0.0011 0.0074
vn -0.9802 0.0011 0.1978
vn -0.7078 0.6918 0.1429
vn -0.8946 0.0011 0.4469
vn -0.6496 0.6876 0.3244
vn -0.7071 0.0011 0.7071
vn -0.5147 0.6856 0.5147
vn -0.0772 0.6881 0.7215
vn -0.3246 0.6872 0.6500
vn 0.0036 1.0000 -0.0042
vn -0.0004 1.0000 0.0008
vn 0.0057 0.9999 -0.0162
vn 1.0000 -0.0012 0.0002
vn 0.7079 -0.0008 -0.7063
vn -0.7382 -0.0008 -0.6746
vn -0.9802 -0.0012 0.1978
vn -0.8946 -0.0012 0.4469
vn -0.7071 -0.0012 0.7071
vn -0.9969 -0.0012 0.0784
vn -0.0010 -1.0000 -0.0048
vn 0.0038 -1.0000 -0.0023
vn -0.0008 -1.0000 0.0004
vn -0.0008 -1.0000 0.0002
vn -0.5984 -0.5857 -0.5467
vn -0.7172 -0.6945 0.0568
vn -0.0162 -0.7029 0.7111
vn 0.5667 -0.5781 0.5871
vn 0.6938 -0.0008 0.7201
vn -0.0017 -0.6944 -0.7196
vn 0.0059 -1.0000 0.0044
vn 0.7113 -0.7029 0.0078
vn 0.0017 -0.7064 -0.7078
vn 0.5787 -0.5783 -0.5751
vn 0.7086 -0.7056 0.0031
vn 1.0000 -0.0012 0.0074
vn -0.7078 -0.6918 0.1429
vn -0.6496 -0.6876 0.3244
vn -0.5148 -0.6856 0.5148
vn -0.3246 -0.6871 0.6500
vn -0.0772 -0.6881 0.7215
vn 0.0036 -1.0000 -0.0042
vn -0.0004 -1.0000 0.0008
vn 0.0057 -0.9999 -0.0162
vn 0.1104 -0.0012 0.9939
vn 0.4469 -0.0012 0.8946
vn 0.4469 0.0011 0.8946
vn 0.1104 0.0011 0.9939
vn 0.0278 -0.0012 0.9996
vn 0.0278 0.0011 0.9996
vn 0.0010 1.0000 -0.0048
vn -0.0038 1.0000 -0.0023
vn 0.0008 1.0000 0.0004
vn 0.0008 1.0000 0.0002
vn 0.9969 0.0011 0.0784
vn 0.7382 0.0008 -0.6746
vn 0.5984 0.5858 -0.5467
vn 0.7172 0.6945 0.0568
vn 0.0162 0.7029 0.7111
vn -0.5667 0.5781 0.5871
vn -0.6938 0.0008 0.7201
vn 0.0017 0.6944 -0.7196
vn -0.0059 1.0000 0.0044
vn -0.7113 0.7029 0.0078
vn -0.0017 0.7063 -0.7079
vn -0.5787 0.5783 -0.5751
vn -0.7086 0.7056 0.0031
vn -1.0000 0.0011 0.0002
vn -0.7079 0.0008 -0.7063
vn -1.0000 0.0011 0.0074
vn 0.7078 0.6918 0.1429
vn 0.9802 0.0011 0.1978
vn 0.6496 0.6876 0.3244
vn 0.8946 0.0011 0.4469
vn 0.5147 0.6856 0.5147
vn 0.7071 0.0011 0.7071
vn 0.3246 0.6872 0.6500
vn 0.0772 0.6881 0.7215
vn -0.0036 1.0000 -0.0042
vn 0.0004 1.0000 0.0008
vn -0.0057 0.9999 -0.0162
vn -0.7079 -0.0008 -0.7063
vn -1.0000 -0.0012 0.0002
vn 0.7382 -0.0008 -0.6746
vn 0.9802 -0.0012 0.1978
vn 0.8946 -0.0012 0.4469
vn 0.7071 -0.0012 0.7071
vn 0.9969 -0.0012 0.0784
vn 0.0010 -1.0000 -0.0048
vn 0.0008 -1.0000 0.0002
vn 0.0008 -1.0000 0.0004
vn -0.0038 -1.0000 -0.0023
vn 0.7172 -0.6945 0.0568
vn 0.5984 -0.5857 -0.5467
vn -0.6938 -0.0008 0.7201
vn -0.5667 -0.5781 0.5871
vn 0.0162 -0.7029 0.7111
vn 0.0017 -0.6944 -0.7196
vn -0.0059 -1.0000 0.0044
vn -0.7113 -0.7029 0.0078
vn -0.7086 -0.7056 0.0031
vn -0.5787 -0.5783 -0.5751
vn -0.0017 -0.7064 -0.7078
vn -1.0000 -0.0012 0.0074
vn 0.7078 -0.6918 0.1429
vn 0.6496 -0.6876 0.3244
vn 0.5148 -0.6856 0.5148
vn 0.0772 -0.6881 0.7215
vn 0.3246 -0.6871 0.6500
vn -0.0036 -1.0000 -0.0042
vn 0.0004 -1.0000 0.0008
vn -0.0057 -0.9999 -0.0162
vn -0.1104 -0.0012 -0.9939
vn -0.4469 -0.0012 -0.8946
vn -0.4469 0.0011 -0.8946
vn -0.1104 0.0011 -0.9939
vn -0.0278 -0.0012 -0.9996
vn -0.0278 0.0011 -0.9996
vn -0.0010 1.0000 0.0048
vn 0.0038 1.0000 0.0023
vn -0.0008 1.0000 -0.0004
vn -0.0008 1.0000 -0.0002
vn -0.0025 -0.0012 1.0000
vn 0.0025 -0.0012 1.0000
vn 0.0025 0.0011 1.0000
vn -0.0025 0.0011 1.0000
vn -0.9969 0.0011 -0.0784
vn -0.7382 0.0008 0.6746
vn -0.5984 0.5858 0.5467
vn -0.7172 0.6945 -0.0568
vn -0.0162 0.7029 -0.7111
vn 0.5667 0.5781 -0.5871
vn 0.6938 0.0008 -0.7201
vn -0.0017 0.6944 0.7196
vn 0.0059 1.0000 -0.0044
vn 0.7113 0.7029 -0.0078
vn 0.0017 0.7063 0.7079
vn 0.5787 0.5783 0.5751
vn 0.7086 0.7056 -0.0031
vn 1.0000 0.0011 -0.0002
vn 0.7079 0.0008 0.7063
vn 1.0000 0.0011 -0.0074
vn -0.7078 0.6918 -0.1429
vn -0.9802 0.0011 -0.1978
vn -0.6496 0.6876 -0.3244
vn -0.8946 0.0011 -0.4469
vn -0.5147 0.6856 -0.5147
vn -0.7071 0.0011 -0.7071
vn -0.3246 0.6872 -0.6500
vn -0.0772 0.6881 -0.7215
vn 0.0036 1.0000 0.0042
vn -0.0004 1.0000 -0.0008
vn 0.0057 0.9999 0.0162
vn 0.7079 -0.0008 0.7063
vn 1.0000 -0.0012 -0.0002
vn -0.7382 -0.0008 0.6746
vn -0.9802 -0.0012 -0.1978
vn -0.8946 -0.0012 -0.4469
vn -0.7071 -0.0012 -0.7071
vn -0.9969 -0.0012 -0.0784
vn -0.0010 -1.0000 0.0048
vn -0.0008 -1.0000 -0.0002
vn -0.0008 -1.0000 -0.0004
vn 0.0038 -1.0000 0.0023
vn -0.7172 -0.6945 -0.0568
vn -0.5984 -0.5857 0.5467
vn 0.6938 -0.0008 -0.7201
vn 0.5667 -0.5781 -0.5871
vn -0.0162 -0.7029 -0.7111
vn -0.0017 -0.6944 0.7196
vn 0.0059 -1.0000 -0.0044
vn 0.7113 -0.7029 -0.0078
vn 0.7086 -0.7056 -0.0031
vn 0.5787 -0.5783 0.5751
vn 0.0017 -0.7064 0.7078
vn 1.0000 -0.0012 -0.0074
vn -0.7078 -0.6918 -0.1429
vn -0.6496 -0.6876 -0.3244
vn -0.5148 -0.6856 -0.5148
vn -0.0772 -0.6881 -0.7215
vn -0.3246 -0.6871 -0.6500
vn 0.0036 -1.0000 0.0042
vn -0.0004 -1.0000 -0.0008
vn 0.0057 -0.9999 0.0162
vn 0.4469 0.0011 -0.8946
vn 0.4469 -0.0012 -0.8946
vn 0.1104 -0.0012 -0.9939
vn 0.1104 0.0011 -0.9939
vn 0.0278 -0.0012 -0.9996
vn 0.0278 0.0011 -0.9996
vn 0.0010 1.0000 0.0048
vn 0.0008 1.0000 -0.0002
vn 0.0008 1.0000 -0.0004
vn -0.0038 1.0000 0.0023
vn 0.9969 0.0011 -0.0784
vn 0.7172 0.6945 -0.0568
vn 0.5984 0.5858 0.5467
vn 0.7382 0.0008 0.6746
vn -0.6938 0.0008 -0.7201
vn -0.5667 0.5781 -0.5871
vn 0.0162 0.7029 -0.7111
vn 0.0017 0.6944 0.7196
vn -0.0059 1.0000 -0.0044
vn -0.7113 0.7029 -0.0078
vn -0.7086 0.7056 -0.0031
vn -0.5787 0.5783 0.5751
vn -0.0017 0.7063 0.7079
vn -1.0000 0.0011 -0.0002
vn -0.7079 0.0008 0.7063
vn -1.0000 0.0011 -0.0074
vn 0.9802 0.0011 -0.1978
vn 0.7078 0.6918 -0.1429
vn 0.8946 0.0011 -0.4469
vn 0.6496 0.6876 -0.3244
vn 0.7071 0.0011 -0.7071
vn 0.5147 0.6856 -0.5147
vn 0.0772 0.6881 -0.7215
vn 0.3246 0.6872 -0.6500
vn -0.0036 1.0000 0.0042
vn 0.0004 1.0000 -0.0008
vn -0.0057 0.9999 0.0162
vn -1.0000 -0.0012 -0.0002
vn -0.7079 -0.0008 0.7063
vn 0.7382 -0.0008 0.6746
vn 0.9802 -0.0012 -0.1978
vn 0.8946 -0.0012 -0.4469
vn 0.7071 -0.0012 -0.7071
vn 0.9969 -0.0012 -0.0784
vn 0.0010 -1.0000 0.0048
vn -0.0038 -1.0000 0.0023
vn 0.0008 -1.0000 -0.0004
vn 0.0008 -1.0000 -0.0002
vn 0.5984 -0.5857 0.5467
vn 0.7172 -0.6945 -0.0568
vn 0.0162 -0.7029 -0.7111
vn -0.5667 -0.5781 -0.5871
vn -0.6938 -0.0008 -0.7201
vn 0.0017 -0.6944 0.7196
vn -0.0059 -1.0000 -0.0044
vn -0.7113 -0.7029 -0.0078
vn -0.0017 -0.7064 0.7078
vn -0.5787 -0.5783 0.5751
vn -0.7086 -0.7056 -0.0031
vn -1.0000 -0.0012 -0.0074
vn 0.7078 -0.6918 -0.1429
vn 0.6496 -0.6876 -0.3244
vn 0.5148 -0.6856 -0.5148
vn 0.3246 -0.6871 -0.6500
vn 0.0772 -0.6881 -0.7215
vn -0.0036 -1.0000 0.0042
vn 0.0004 -1.0000 -0.0008
vn -0.0057 -0.9999 0.0162
vn 1.0000 0.0011 -0.0006
vn 0.7071 0.0008 -0.7071
vn 0.5774 0.5774 -0.5774
vn 0.7071 0.7071 -0.0004
vn -1.0000 0.0011 -0.0006
vn -0.7071 0.7071 -0.0004
vn -0.5774 0.5774 -0.5774
vn -0.7071 0.0008 -0.7071
vn 0.0025 1.0000 -0.0006
vn 0.0017 0.7071 -0.7071
vn -0.0025 1.0000 -0.0006
vn -0.0017 0.7071 -0.7071
vn -1.0000 0.0011 0.0006
vn -0.7071 0.7071 0.0004
vn -1.0000 -0.0012 -0.0006
vn -1.0000 -0.0012 0.0006
vn -0.7071 -0.0008 -0.7071
vn 1.0000 0.0011 0.0006
vn 0.7071 0.7071 0.0004
vn 0.5774 0.5774 0.5774
vn 0.7071 0.0008 0.7071
vn -0.7071 0.0008 0.7071
vn -0.5774 0.5774 0.5774
vn 0.0025 1.0000 0.0006
vn 0.0017 0.7071 0.7071
vn -0.0025 1.0000 0.0006
vn -0.0017 0.7071 0.7071
vn 1.0000 -0.0012 -0.0006
vn 0.7071 -0.7071 -0.0004
vn 0.5774 -0.5774 -0.5774
vn 0.7071 -0.0008 -0.7071
vn -0.5774 -0.5774 -0.5774
vn -0.7071 -0.7071 -0.0004
vn 0.0025 -1.0000 -0.0006
vn 0.0017 -0.7071 -0.7071
vn -0.0025 -1.0000 -0.0006
vn -0.0017 -0.7071 -0.7071
vn -0.7071 -0.7071 0.0004
vn 1.0000 -0.0012 0.0006
vn 0.7071 -0.0008 0.7071
vn 0.5774 -0.5774 0.5774
vn 0.7071 -0.7071 0.0004
vn -0.5774 -0.5774 0.5774
vn -0.7071 -0.0008 0.7071
vn 0.0025 -1.0000 0.0006
vn 0.0017 -0.7071 0.7071
vn -0.0025 -1.0000 0.0006
vn -0.0017 -0.7071 0.7071
# 670 vertex normals

vt 0.7683 0.0165 0.0000
vt 0.7683 0.0131 0.0000
vt 0.9689 0.0130 0.0000
vt 0.9689 0.0164 0.0000
vt 0.5207 0.0165 0.0000
vt 0.5207 0.0131 0.0000
vt 0.7213 0.0130 0.0000
vt 0.7213 0.0164 0.0000
vt 0.2731 0.0165 0.0000
vt 0.2731 0.0131 0.0000
vt 0.4737 0.0130 0.0000
vt 0.4737 0.0164 0.0000
vt 0.0255 0.0165 0.0000
vt 0.0255 0.0131 0.0000
vt 0.2261 0.0130 0.0000
vt 0.2261 0.0164 0.0000
vt 0.7594 0.0165 0.0000
vt 0.7594 0.0131 0.0000
vt 0.7517 0.0165 0.0000
vt 0.7517 0.0130 0.0000
vt 0.7448 0.0164 0.0000
vt 0.7448 0.0130 0.0000
vt 0.9778 0.0130 0.0000
vt 0.9778 0.0164 0.0000
vt 0.9854 0.0130 0.0000
vt 0.9854 0.0164 0.0000
vt 0.9924 0.0130 0.0000
vt 0.9924 0.0164 0.0000
vt 0.5118 0.0165 0.0000
vt 0.5118 0.0131 0.0000
vt 0.5041 0.0165 0.0000
vt 0.5041 0.0130 0.0000
vt 0.4972 0.0164 0.0000
vt 0.4972 0.0130 0.0000
vt 0.7302 0.0130 0.0000
vt 0.7302 0.0164 0.0000
vt 0.7379 0.0130 0.0000
vt 0.7379 0.0164 0.0000
vt 0.2642 0.0165 0.0000
vt 0.2642 0.0131 0.0000
vt 0.2566 0.0165 0.0000
vt 0.2566 0.0130 0.0000
vt 0.2496 0.0164 0.0000
vt 0.2496 0.0130 0.0000
vt 0.4826 0.0130 0.0000
vt 0.4826 0.0164 0.0000
vt 0.4903 0.0130 0.0000
vt 0.4903 0.0164 0.0000
vt 0.0166 0.0165 0.0000
vt 0.0166 0.0131 0.0000
vt 0.0090 0.0165 0.0000
vt 0.0090 0.0130 0.0000
vt 0.0021 0.0165 0.0000
vt 0.0020 0.0130 0.0000
vt 0.2351 0.0130 0.0000
vt 0.2351 0.0164 0.0000
vt 0.2427 0.0130 0.0000
vt 0.2427 0.0164 0.0000
vt 0.6194 0.3555 0.0000
vt 0.6087 0.3545 0.0000
vt 0.6087 0.3537 0.0000
vt 0.6196 0.3546 0.0000
vt 0.6280 0.3584 0.0000
vt 0.6284 0.3576 0.0000
vt 0.6346 0.3631 0.0000
vt 0.6353 0.3625 0.0000
vt 0.6394 0.3697 0.0000
vt 0.6402 0.3693 0.0000
vt 0.6423 0.3783 0.0000
vt 0.6431 0.3782 0.0000
vt 0.6433 0.3890 0.0000
vt 0.6441 0.3890 0.0000
vt 0.6432 0.6344 0.0000
vt 0.6441 0.6344 0.0000
vt 0.6423 0.6451 0.0000
vt 0.6431 0.6453 0.0000
vt 0.6394 0.6537 0.0000
vt 0.6402 0.6541 0.0000
vt 0.6346 0.6604 0.0000
vt 0.6353 0.6610 0.0000
vt 0.6280 0.6651 0.0000
vt 0.6284 0.6659 0.0000
vt 0.6194 0.6680 0.0000
vt 0.6196 0.6688 0.0000
vt 0.6087 0.6689 0.0000
vt 0.6087 0.6698 0.0000
vt 0.3634 0.6689 0.0000
vt 0.3633 0.6698 0.0000
vt 0.3527 0.6680 0.0000
vt 0.3525 0.6688 0.0000
vt 0.3441 0.6651 0.0000
vt 0.3437 0.6659 0.0000
vt 0.3374 0.6604 0.0000
vt 0.3368 0.6610 0.0000
vt 0.3327 0.6537 0.0000
vt 0.3319 0.6541 0.0000
vt 0.3298 0.6451 0.0000
vt 0.3290 0.6453 0.0000
vt 0.3288 0.6344 0.0000
vt 0.3280 0.6344 0.0000
vt 0.3288 0.3890 0.0000
vt 0.3280 0.3890 0.0000
vt 0.3298 0.3783 0.0000
vt 0.3290 0.3782 0.0000
vt 0.3327 0.3697 0.0000
vt 0.3319 0.3693 0.0000
vt 0.3374 0.3631 0.0000
vt 0.3368 0.3625 0.0000
vt 0.3441 0.3584 0.0000
vt 0.3437 0.3576 0.0000
vt 0.3527 0.3555 0.0000
vt 0.3525 0.3546 0.0000
vt 0.3634 0.3545 0.0000
vt 0.3633 0.3537 0.0000
vt 0.3298 0.6954 0.0000
vt 0.3288 0.7061 0.0000
vt 0.3280 0.7060 0.0000
vt 0.3290 0.6952 0.0000
vt 0.3327 0.6868 0.0000
vt 0.3319 0.6864 0.0000
vt 0.3374 0.6801 0.0000
vt 0.3368 0.6795 0.0000
vt 0.3441 0.6754 0.0000
vt 0.3437 0.6746 0.0000
vt 0.3527 0.6725 0.0000
vt 0.3525 0.6717 0.0000
vt 0.3634 0.6715 0.0000
vt 0.3633 0.6707 0.0000
vt 0.6087 0.6715 0.0000
vt 0.6087 0.6707 0.0000
vt 0.6194 0.6725 0.0000
vt 0.6196 0.6717 0.0000
vt 0.6280 0.6754 0.0000
vt 0.6284 0.6746 0.0000
vt 0.6346 0.6801 0.0000
vt 0.6353 0.6795 0.0000
vt 0.6394 0.6868 0.0000
vt 0.6402 0.6864 0.0000
vt 0.6423 0.6954 0.0000
vt 0.6431 0.6952 0.0000
vt 0.6433 0.7061 0.0000
vt 0.6441 0.7060 0.0000
vt 0.6432 0.9514 0.0000
vt 0.6441 0.9515 0.0000
vt 0.6423 0.9621 0.0000
vt 0.6431 0.9623 0.0000
vt 0.6394 0.9707 0.0000
vt 0.6402 0.9711 0.0000
vt 0.6346 0.9774 0.0000
vt 0.6353 0.9780 0.0000
vt 0.6280 0.9821 0.0000
vt 0.6284 0.9829 0.0000
vt 0.6194 0.9850 0.0000
vt 0.6196 0.9858 0.0000
vt 0.6087 0.9860 0.0000
vt 0.6087 0.9868 0.0000
vt 0.3634 0.9860 0.0000
vt 0.3633 0.9868 0.0000
vt 0.3527 0.9850 0.0000
vt 0.3525 0.9858 0.0000
vt 0.3441 0.9821 0.0000
vt 0.3437 0.9829 0.0000
vt 0.3374 0.9774 0.0000
vt 0.3368 0.9780 0.0000
vt 0.3327 0.9707 0.0000
vt 0.3319 0.9711 0.0000
vt 0.3298 0.9621 0.0000
vt 0.3290 0.9623 0.0000
vt 0.3288 0.9514 0.0000
vt 0.3280 0.9515 0.0000
vt 0.9689 0.0171 0.0000
vt 0.7683 0.0172 0.0000
vt 0.7683 0.0124 0.0000
vt 0.9689 0.0123 0.0000
vt 0.7213 0.0171 0.0000
vt 0.5207 0.0172 0.0000
vt 0.5207 0.0124 0.0000
vt 0.7213 0.0123 0.0000
vt 0.4737 0.0171 0.0000
vt 0.2731 0.0172 0.0000
vt 0.2731 0.0124 0.0000
vt 0.4737 0.0123 0.0000
vt 0.2261 0.0171 0.0000
vt 0.0255 0.0172 0.0000
vt 0.0255 0.0124 0.0000
vt 0.2261 0.0123 0.0000
vt 0.7594 0.0172 0.0000
vt 0.7594 0.0124 0.0000
vt 0.7517 0.0172 0.0000
vt 0.7517 0.0123 0.0000
vt 0.7448 0.0171 0.0000
vt 0.7448 0.0123 0.0000
vt 0.9778 0.0123 0.0000
vt 0.9778 0.0171 0.0000
vt 0.9854 0.0123 0.0000
vt 0.9854 0.0171 0.0000
vt 0.9923 0.0123 0.0000
vt 0.9923 0.0171 0.0000
vt 0.5118 0.0172 0.0000
vt 0.5118 0.0124 0.0000
vt 0.5041 0.0172 0.0000
vt 0.5041 0.0123 0.0000
vt 0.4972 0.0171 0.0000
vt 0.4972 0.0123 0.0000
vt 0.7302 0.0123 0.0000
vt 0.7302 0.0171 0.0000
vt 0.7379 0.0123 0.0000
vt 0.7379 0.0171 0.0000
vt 0.2642 0.0172 0.0000
vt 0.2642 0.0124 0.0000
vt 0.2566 0.0172 0.0000
vt 0.2566 0.0123 0.0000
vt 0.2496 0.0171 0.0000
vt 0.2496 0.0123 0.0000
vt 0.4826 0.0123 0.0000
vt 0.4826 0.0171 0.0000
vt 0.4903 0.0123 0.0000
vt 0.4903 0.0171 0.0000
vt 0.0166 0.0172 0.0000
vt 0.0166 0.0124 0.0000
vt 0.0090 0.0171 0.0000
vt 0.0090 0.0124 0.0000
vt 0.0021 0.0172 0.0000
vt 0.0021 0.0123 0.0000
vt 0.2351 0.0123 0.0000
vt 0.2351 0.0171 0.0000
vt 0.2427 0.0123 0.0000
vt 0.2427 0.0171 0.0000
vt 0.7682 0.0099 0.0000
vt 0.7683 0.0064 0.0000
vt 0.9689 0.0078 0.0000
vt 0.9688 0.0113 0.0000
vt 0.5207 0.0081 0.0000
vt 0.5207 0.0046 0.0000
vt 0.7213 0.0061 0.0000
vt 0.7213 0.0095 0.0000
vt 0.2731 0.0063 0.0000
vt 0.2731 0.0028 0.0000
vt 0.4737 0.0043 0.0000
vt 0.4737 0.0077 0.0000
vt 0.0255 0.0045 0.0000
vt 0.0256 0.0011 0.0000
vt 0.2261 0.0025 0.0000
vt 0.2261 0.0059 0.0000
vt 0.7593 0.0098 0.0000
vt 0.7594 0.0064 0.0000
vt 0.7517 0.0097 0.0000
vt 0.7517 0.0063 0.0000
vt 0.7447 0.0097 0.0000
vt 0.7448 0.0062 0.0000
vt 0.9778 0.0079 0.0000
vt 0.9777 0.0113 0.0000
vt 0.9854 0.0080 0.0000
vt 0.9854 0.0114 0.0000
vt 0.9923 0.0080 0.0000
vt 0.9923 0.0115 0.0000
vt 0.5118 0.0080 0.0000
vt 0.5118 0.0046 0.0000
vt 0.5041 0.0079 0.0000
vt 0.5041 0.0045 0.0000
vt 0.4972 0.0079 0.0000
vt 0.4972 0.0045 0.0000
vt 0.7302 0.0061 0.0000
vt 0.7302 0.0095 0.0000
vt 0.7378 0.0062 0.0000
vt 0.7378 0.0096 0.0000
vt 0.2642 0.0062 0.0000
vt 0.2642 0.0028 0.0000
vt 0.2565 0.0061 0.0000
vt 0.2566 0.0027 0.0000
vt 0.2496 0.0061 0.0000
vt 0.2496 0.0027 0.0000
vt 0.4826 0.0043 0.0000
vt 0.4826 0.0077 0.0000
vt 0.4903 0.0044 0.0000
vt 0.4902 0.0078 0.0000
vt 0.0166 0.0044 0.0000
vt 0.0166 0.0010 0.0000
vt 0.0090 0.0043 0.0000
vt 0.0090 0.0009 0.0000
vt 0.0020 0.0043 0.0000
vt 0.0021 0.0009 0.0000
vt 0.2351 0.0025 0.0000
vt 0.2350 0.0059 0.0000
vt 0.2427 0.0026 0.0000
vt 0.2427 0.0060 0.0000
vt 0.3022 0.3555 0.0000
vt 0.2916 0.3545 0.0000
vt 0.2916 0.3537 0.0000
vt 0.3024 0.3546 0.0000
vt 0.3109 0.3584 0.0000
vt 0.3113 0.3576 0.0000
vt 0.3175 0.3631 0.0000
vt 0.3181 0.3625 0.0000
vt 0.3222 0.3697 0.0000
vt 0.3230 0.3693 0.0000
vt 0.3251 0.3783 0.0000
vt 0.3260 0.3782 0.0000
vt 0.3261 0.3890 0.0000
vt 0.3270 0.3890 0.0000
vt 0.3261 0.6344 0.0000
vt 0.3270 0.6344 0.0000
vt 0.3251 0.6451 0.0000
vt 0.3260 0.6453 0.0000
vt 0.3222 0.6537 0.0000
vt 0.3230 0.6541 0.0000
vt 0.3175 0.6604 0.0000
vt 0.3181 0.6610 0.0000
vt 0.3109 0.6651 0.0000
vt 0.3113 0.6659 0.0000
vt 0.3022 0.6680 0.0000
vt 0.3024 0.6688 0.0000
vt 0.2916 0.6689 0.0000
vt 0.2916 0.6698 0.0000
vt 0.0462 0.6689 0.0000
vt 0.0462 0.6698 0.0000
vt 0.0355 0.6680 0.0000
vt 0.0354 0.6688 0.0000
vt 0.0269 0.6651 0.0000
vt 0.0265 0.6659 0.0000
vt 0.0203 0.6604 0.0000
vt 0.0197 0.6610 0.0000
vt 0.0155 0.6537 0.0000
vt 0.0148 0.6541 0.0000
vt 0.0127 0.6451 0.0000
vt 0.0118 0.6453 0.0000
vt 0.0117 0.6344 0.0000
vt 0.0108 0.6344 0.0000
vt 0.0117 0.3890 0.0000
vt 0.0108 0.3890 0.0000
vt 0.0127 0.3783 0.0000
vt 0.0118 0.3782 0.0000
vt 0.0155 0.3697 0.0000
vt 0.0148 0.3693 0.0000
vt 0.0203 0.3631 0.0000
vt 0.0197 0.3625 0.0000
vt 0.0269 0.3584 0.0000
vt 0.0265 0.3576 0.0000
vt 0.0355 0.3555 0.0000
vt 0.0354 0.3546 0.0000
vt 0.0462 0.3545 0.0000
vt 0.0462 0.3537 0.0000
vt 0.0127 0.6954 0.0000
vt 0.0117 0.7061 0.0000
vt 0.0108 0.7060 0.0000
vt 0.0118 0.6952 0.0000
vt 0.0155 0.6868 0.0000
vt 0.0148 0.6864 0.0000
vt 0.0203 0.6801 0.0000
vt 0.0197 0.6795 0.0000
vt 0.0269 0.6754 0.0000
vt 0.0265 0.6746 0.0000
vt 0.0355 0.6725 0.0000
vt 0.0354 0.6717 0.0000
vt 0.0462 0.6715 0.0000
vt 0.0462 0.6707 0.0000
vt 0.2916 0.6715 0.0000
vt 0.2916 0.6707 0.0000
vt 0.3022 0.6725 0.0000
vt 0.3024 0.6717 0.0000
vt 0.3109 0.6754 0.0000
vt 0.3113 0.6746 0.0000
vt 0.3175 0.6801 0.0000
vt 0.3181 0.6795 0.0000
vt 0.3222 0.6868 0.0000
vt 0.3230 0.6864 0.0000
vt 0.3251 0.6954 0.0000
vt 0.3260 0.6952 0.0000
vt 0.3261 0.7061 0.0000
vt 0.3270 0.7060 0.0000
vt 0.3261 0.9514 0.0000
vt 0.3270 0.9515 0.0000
vt 0.3251 0.9621 0.0000
vt 0.3260 0.9623 0.0000
vt 0.3222 0.9707 0.0000
vt 0.3230 0.9711 0.0000
vt 0.3175 0.9774 0.0000
vt 0.3181 0.9780 0.0000
vt 0.3109 0.9821 0.0000
vt 0.3113 0.9829 0.0000
vt 0.3022 0.9850 0.0000
vt 0.3024 0.9858 0.0000
vt 0.2916 0.9860 0.0000
vt 0.2916 0.9868 0.0000
vt 0.0462 0.9860 0.0000
vt 0.0462 0.9868 0.0000
vt 0.0355 0.9850 0.0000
vt 0.0354 0.9858 0.0000
vt 0.0269 0.9821 0.0000
vt 0.0265 0.9829 0.0000
vt 0.0203 0.9774 0.0000
vt 0.0197 0.9780 0.0000
vt 0.0155 0.9707 0.0000
vt 0.0148 0.9711 0.0000
vt 0.0127 0.9621 0.0000
vt 0.0118 0.9623 0.0000
vt 0.0117 0.9514 0.0000
vt 0.0108 0.9515 0.0000
vt 0.9688 0.0120 0.0000
vt 0.7682 0.0106 0.0000
vt 0.7683 0.0057 0.0000
vt 0.9689 0.0072 0.0000
vt 0.7213 0.0102 0.0000
vt 0.5207 0.0088 0.0000
vt 0.5207 0.0039 0.0000
vt 0.7213 0.0054 0.0000
vt 0.4737 0.0084 0.0000
vt 0.2731 0.0070 0.0000
vt 0.2731 0.0022 0.0000
vt 0.4737 0.0036 0.0000
vt 0.2261 0.0066 0.0000
vt 0.0255 0.0052 0.0000
vt 0.0256 0.0004 0.0000
vt 0.2262 0.0018 0.0000
vt 0.7593 0.0105 0.0000
vt 0.7594 0.0057 0.0000
vt 0.7517 0.0104 0.0000
vt 0.7517 0.0056 0.0000
vt 0.7447 0.0104 0.0000
vt 0.7448 0.0056 0.0000
vt 0.9778 0.0072 0.0000
vt 0.9777 0.0120 0.0000
vt 0.9854 0.0073 0.0000
vt 0.9854 0.0121 0.0000
vt 0.9923 0.0073 0.0000
vt 0.9923 0.0121 0.0000
vt 0.5118 0.0087 0.0000
vt 0.5118 0.0039 0.0000
vt 0.5041 0.0086 0.0000
vt 0.5041 0.0038 0.0000
vt 0.4972 0.0086 0.0000
vt 0.4972 0.0038 0.0000
vt 0.7302 0.0054 0.0000
vt 0.7302 0.0102 0.0000
vt 0.7379 0.0055 0.0000
vt 0.7378 0.0103 0.0000
vt 0.2642 0.0069 0.0000
vt 0.2642 0.0021 0.0000
vt 0.2565 0.0068 0.0000
vt 0.2566 0.0020 0.0000
vt 0.2496 0.0068 0.0000
vt 0.2496 0.0020 0.0000
vt 0.4826 0.0036 0.0000
vt 0.4826 0.0084 0.0000
vt 0.4903 0.0037 0.0000
vt 0.4902 0.0085 0.0000
vt 0.0166 0.0051 0.0000
vt 0.0167 0.0003 0.0000
vt 0.0090 0.0050 0.0000
vt 0.0090 0.0002 0.0000
vt 0.0021 0.0050 0.0000
vt 0.0021 0.0002 0.0000
vt 0.2351 0.0018 0.0000
vt 0.2350 0.0066 0.0000
vt 0.2427 0.0019 0.0000
vt 0.2427 0.0067 0.0000
vt 0.6655 0.6731 0.0000
vt 0.9790 0.6757 0.0000
vt 0.9788 0.6827 0.0000
vt 0.6653 0.6782 0.0000
vt 0.6658 0.6679 0.0000
vt 0.9795 0.6687 0.0000
vt 0.6663 0.6628 0.0000
vt 0.9801 0.6618 0.0000
vt 0.6668 0.6577 0.0000
vt 0.9809 0.6548 0.0000
vt 0.6674 0.6526 0.0000
vt 0.9816 0.6479 0.0000
vt 0.6679 0.6474 0.0000
vt 0.9823 0.6409 0.0000
vt 0.6682 0.6423 0.0000
vt 0.9827 0.6339 0.0000
vt 0.6683 0.6372 0.0000
vt 0.9830 0.6270 0.0000
vt 0.6682 0.6320 0.0000
vt 0.9828 0.6200 0.0000
vt 0.6679 0.6269 0.0000
vt 0.9824 0.6130 0.0000
vt 0.6672 0.6217 0.0000
vt 0.9817 0.6060 0.0000
vt 0.6669 0.7091 0.0000
vt 0.9811 0.7246 0.0000
vt 0.9813 0.7316 0.0000
vt 0.6670 0.7142 0.0000
vt 0.6666 0.7039 0.0000
vt 0.9806 0.7176 0.0000
vt 0.6662 0.6988 0.0000
vt 0.9801 0.7106 0.0000
vt 0.6658 0.6936 0.0000
vt 0.9795 0.7037 0.0000
vt 0.6655 0.6885 0.0000
vt 0.9791 0.6967 0.0000
vt 0.6653 0.6834 0.0000
vt 0.9788 0.6897 0.0000
vt 0.6676 0.0463 0.0000
vt 0.6609 0.0579 0.0000
vt 0.6580 0.0568 0.0000
vt 0.6652 0.0443 0.0000
vt 0.6778 0.0378 0.0000
vt 0.6763 0.0350 0.0000
vt 0.6903 0.0332 0.0000
vt 0.6899 0.0301 0.0000
vt 0.7036 0.0332 0.0000
vt 0.7043 0.0301 0.0000
vt 0.7162 0.0378 0.0000
vt 0.7179 0.0350 0.0000
vt 0.7264 0.0463 0.0000
vt 0.7289 0.0443 0.0000
vt 0.7330 0.0579 0.0000
vt 0.7361 0.0568 0.0000
vt 0.7353 0.0710 0.0000
vt 0.7386 0.0710 0.0000
vt 0.7330 0.0841 0.0000
vt 0.7361 0.0852 0.0000
vt 0.7264 0.0957 0.0000
vt 0.7289 0.0977 0.0000
vt 0.7162 0.1042 0.0000
vt 0.7179 0.1070 0.0000
vt 0.7036 0.1088 0.0000
vt 0.7043 0.1119 0.0000
vt 0.6903 0.1088 0.0000
vt 0.6899 0.1119 0.0000
vt 0.6778 0.1042 0.0000
vt 0.6763 0.1070 0.0000
vt 0.6676 0.0957 0.0000
vt 0.6652 0.0977 0.0000
vt 0.6609 0.0841 0.0000
vt 0.6580 0.0852 0.0000
vt 0.6586 0.0710 0.0000
vt 0.6555 0.0710 0.0000
vt 0.6642 0.6782 0.0000
vt 0.6644 0.6731 0.0000
vt 0.6647 0.6679 0.0000
vt 0.6652 0.6628 0.0000
vt 0.6657 0.6577 0.0000
vt 0.6663 0.6526 0.0000
vt 0.6667 0.6475 0.0000
vt 0.6671 0.6423 0.0000
vt 0.6672 0.6372 0.0000
vt 0.6671 0.6321 0.0000
vt 0.6668 0.6270 0.0000
vt 0.6661 0.6219 0.0000
vt 0.6659 0.7140 0.0000
vt 0.6658 0.7090 0.0000
vt 0.6655 0.7039 0.0000
vt 0.6651 0.6987 0.0000
vt 0.6647 0.6936 0.0000
vt 0.6644 0.6885 0.0000
vt 0.6643 0.6833 0.0000
vt 0.6663 0.9059 0.0000
vt 0.9790 0.9074 0.0000
vt 0.9788 0.9144 0.0000
vt 0.6662 0.9111 0.0000
vt 0.6667 0.9008 0.0000
vt 0.9794 0.9005 0.0000
vt 0.6671 0.8957 0.0000
vt 0.9800 0.8935 0.0000
vt 0.6676 0.8906 0.0000
vt 0.9807 0.8866 0.0000
vt 0.6682 0.8855 0.0000
vt 0.9815 0.8797 0.0000
vt 0.6686 0.8804 0.0000
vt 0.9821 0.8727 0.0000
vt 0.6689 0.8753 0.0000
vt 0.9825 0.8658 0.0000
vt 0.6691 0.8701 0.0000
vt 0.9827 0.8588 0.0000
vt 0.6690 0.8650 0.0000
vt 0.9826 0.8518 0.0000
vt 0.6686 0.8599 0.0000
vt 0.9821 0.8449 0.0000
vt 0.6679 0.8548 0.0000
vt 0.9813 0.8380 0.0000
vt 0.6679 0.9418 0.0000
vt 0.9812 0.9561 0.0000
vt 0.9815 0.9631 0.0000
vt 0.6680 0.9469 0.0000
vt 0.6676 0.9367 0.0000
vt 0.9807 0.9492 0.0000
vt 0.6672 0.9316 0.0000
vt 0.9801 0.9422 0.0000
vt 0.6668 0.9265 0.0000
vt 0.9796 0.9353 0.0000
vt 0.6664 0.9213 0.0000
vt 0.9791 0.9283 0.0000
vt 0.6662 0.9162 0.0000
vt 0.9788 0.9214 0.0000
vt 0.7525 0.0463 0.0000
vt 0.7458 0.0579 0.0000
vt 0.7430 0.0568 0.0000
vt 0.7502 0.0443 0.0000
vt 0.7627 0.0378 0.0000
vt 0.7612 0.0350 0.0000
vt 0.7752 0.0332 0.0000
vt 0.7748 0.0301 0.0000
vt 0.7886 0.0332 0.0000
vt 0.7892 0.0301 0.0000
vt 0.8011 0.0378 0.0000
vt 0.8028 0.0350 0.0000
vt 0.8113 0.0463 0.0000
vt 0.8139 0.0443 0.0000
vt 0.8180 0.0579 0.0000
vt 0.8211 0.0568 0.0000
vt 0.8203 0.0710 0.0000
vt 0.8236 0.0710 0.0000
vt 0.8180 0.0841 0.0000
vt 0.8211 0.0852 0.0000
vt 0.8113 0.0957 0.0000
vt 0.8139 0.0977 0.0000
vt 0.8011 0.1042 0.0000
vt 0.8028 0.1070 0.0000
vt 0.7886 0.1088 0.0000
vt 0.7892 0.1119 0.0000
vt 0.7752 0.1088 0.0000
vt 0.7748 0.1119 0.0000
vt 0.7627 0.1042 0.0000
vt 0.7612 0.1070 0.0000
vt 0.7525 0.0957 0.0000
vt 0.7502 0.0977 0.0000
vt 0.7458 0.0841 0.0000
vt 0.7430 0.0852 0.0000
vt 0.7435 0.0710 0.0000
vt 0.7405 0.0710 0.0000
vt 0.6651 0.9111 0.0000
vt 0.6653 0.9059 0.0000
vt 0.6656 0.9008 0.0000
vt 0.6660 0.8957 0.0000
vt 0.6665 0.8906 0.0000
vt 0.6671 0.8855 0.0000
vt 0.6675 0.8804 0.0000
vt 0.6678 0.8753 0.0000
vt 0.6679 0.8702 0.0000
vt 0.6678 0.8651 0.0000
vt 0.6675 0.8600 0.0000
vt 0.6668 0.8550 0.0000
vt 0.6669 0.9468 0.0000
vt 0.6668 0.9417 0.0000
vt 0.6665 0.9366 0.0000
vt 0.6661 0.9315 0.0000
vt 0.6657 0.9264 0.0000
vt 0.6654 0.9213 0.0000
vt 0.6652 0.9162 0.0000
vt 0.6686 0.6003 0.0000
vt 0.6681 0.5933 0.0000
vt 0.9814 0.5799 0.0000
vt 0.9817 0.5851 0.0000
vt 0.6674 0.5864 0.0000
vt 0.9809 0.5748 0.0000
vt 0.6665 0.5794 0.0000
vt 0.9802 0.5697 0.0000
vt 0.6655 0.5725 0.0000
vt 0.9795 0.5646 0.0000
vt 0.6646 0.5656 0.0000
vt 0.9788 0.5595 0.0000
vt 0.6637 0.5587 0.0000
vt 0.9781 0.5544 0.0000
vt 0.6629 0.5517 0.0000
vt 0.9776 0.5493 0.0000
vt 0.6625 0.5447 0.0000
vt 0.9773 0.5441 0.0000
vt 0.6624 0.5377 0.0000
vt 0.9772 0.5390 0.0000
vt 0.6626 0.5307 0.0000
vt 0.9773 0.5339 0.0000
vt 0.6631 0.5238 0.0000
vt 0.9777 0.5287 0.0000
vt 0.6638 0.5168 0.0000
vt 0.9783 0.5236 0.0000
vt 0.6648 0.5099 0.0000
vt 0.9790 0.5185 0.0000
vt 0.6658 0.5030 0.0000
vt 0.9798 0.5134 0.0000
vt 0.6669 0.4961 0.0000
vt 0.9807 0.5083 0.0000
vt 0.6686 0.6213 0.0000
vt 0.6688 0.6143 0.0000
vt 0.9819 0.5954 0.0000
vt 0.9819 0.6005 0.0000
vt 0.6688 0.6073 0.0000
vt 0.9819 0.5902 0.0000
vt 0.5567 0.0463 0.0000
vt 0.5590 0.0443 0.0000
vt 0.5662 0.0568 0.0000
vt 0.5634 0.0579 0.0000
vt 0.5465 0.0378 0.0000
vt 0.5480 0.0350 0.0000
vt 0.5340 0.0332 0.0000
vt 0.5344 0.0301 0.0000
vt 0.5206 0.0332 0.0000
vt 0.5200 0.0301 0.0000
vt 0.5081 0.0378 0.0000
vt 0.5064 0.0350 0.0000
vt 0.4979 0.0463 0.0000
vt 0.4953 0.0443 0.0000
vt 0.4912 0.0579 0.0000
vt 0.4881 0.0568 0.0000
vt 0.4889 0.0710 0.0000
vt 0.4856 0.0710 0.0000
vt 0.4912 0.0841 0.0000
vt 0.4881 0.0852 0.0000
vt 0.4979 0.0957 0.0000
vt 0.4953 0.0977 0.0000
vt 0.5081 0.1042 0.0000
vt 0.5064 0.1070 0.0000
vt 0.5206 0.1088 0.0000
vt 0.5200 0.1119 0.0000
vt 0.5340 0.1088 0.0000
vt 0.5344 0.1119 0.0000
vt 0.5465 0.1042 0.0000
vt 0.5480 0.1070 0.0000
vt 0.5567 0.0957 0.0000
vt 0.5590 0.0977 0.0000
vt 0.5634 0.0841 0.0000
vt 0.5663 0.0852 0.0000
vt 0.5657 0.0710 0.0000
vt 0.5688 0.0710 0.0000
vt 0.9824 0.5799 0.0000
vt 0.9828 0.5850 0.0000
vt 0.9819 0.5748 0.0000
vt 0.9813 0.5697 0.0000
vt 0.9806 0.5646 0.0000
vt 0.9799 0.5595 0.0000
vt 0.9792 0.5544 0.0000
vt 0.9787 0.5493 0.0000
vt 0.9784 0.5441 0.0000
vt 0.9783 0.5390 0.0000
vt 0.9785 0.5339 0.0000
vt 0.9788 0.5287 0.0000
vt 0.9794 0.5236 0.0000
vt 0.9801 0.5185 0.0000
vt 0.9809 0.5135 0.0000
vt 0.9817 0.5085 0.0000
vt 0.9830 0.5953 0.0000
vt 0.9830 0.6003 0.0000
vt 0.9830 0.5902 0.0000
vt 0.6667 0.7365 0.0000
vt 0.6667 0.7296 0.0000
vt 0.9794 0.7382 0.0000
vt 0.9793 0.7434 0.0000
vt 0.6698 0.8542 0.0000
vt 0.6689 0.8473 0.0000
vt 0.9809 0.8250 0.0000
vt 0.9817 0.8300 0.0000
vt 0.6678 0.8405 0.0000
vt 0.9800 0.8199 0.0000
vt 0.6666 0.8336 0.0000
vt 0.9791 0.8149 0.0000
vt 0.6653 0.8267 0.0000
vt 0.9782 0.8098 0.0000
vt 0.6642 0.8199 0.0000
vt 0.9774 0.8047 0.0000
vt 0.6633 0.8130 0.0000
vt 0.9767 0.7996 0.0000
vt 0.6626 0.8060 0.0000
vt 0.9762 0.7945 0.0000
vt 0.6622 0.7991 0.0000
vt 0.9759 0.7894 0.0000
vt 0.6621 0.7921 0.0000
vt 0.9759 0.7843 0.0000
vt 0.6624 0.7851 0.0000
vt 0.9761 0.7791 0.0000
vt 0.6629 0.7782 0.0000
vt 0.9765 0.7740 0.0000
vt 0.6636 0.7712 0.0000
vt 0.9770 0.7689 0.0000
vt 0.6644 0.7643 0.0000
vt 0.9776 0.7638 0.0000
vt 0.6652 0.7574 0.0000
vt 0.9781 0.7587 0.0000
vt 0.6659 0.7505 0.0000
vt 0.9787 0.7536 0.0000
vt 0.6664 0.7435 0.0000
vt 0.9790 0.7485 0.0000
vt 0.6416 0.0463 0.0000
vt 0.6440 0.0443 0.0000
vt 0.6512 0.0568 0.0000
vt 0.6483 0.0579 0.0000
vt 0.6314 0.0378 0.0000
vt 0.6329 0.0350 0.0000
vt 0.6189 0.0332 0.0000
vt 0.6193 0.0301 0.0000
vt 0.6056 0.0332 0.0000
vt 0.6049 0.0301 0.0000
vt 0.5931 0.0378 0.0000
vt 0.5913 0.0350 0.0000
vt 0.5828 0.0463 0.0000
vt 0.5803 0.0443 0.0000
vt 0.5762 0.0579 0.0000
vt 0.5731 0.0568 0.0000
vt 0.5739 0.0710 0.0000
vt 0.5706 0.0710 0.0000
vt 0.5762 0.0841 0.0000
vt 0.5731 0.0852 0.0000
vt 0.5828 0.0957 0.0000
vt 0.5803 0.0977 0.0000
vt 0.5931 0.1042 0.0000
vt 0.5913 0.1070 0.0000
vt 0.6056 0.1088 0.0000
vt 0.6049 0.1119 0.0000
vt 0.6189 0.1088 0.0000
vt 0.6193 0.1119 0.0000
vt 0.6314 0.1042 0.0000
vt 0.6329 0.1070 0.0000
vt 0.6416 0.0957 0.0000
vt 0.6440 0.0977 0.0000
vt 0.6483 0.0841 0.0000
vt 0.6512 0.0852 0.0000
vt 0.6506 0.0710 0.0000
vt 0.6537 0.0710 0.0000
vt 0.9805 0.7384 0.0000
vt 0.9803 0.7434 0.0000
vt 0.9820 0.8249 0.0000
vt 0.9828 0.8299 0.0000
vt 0.9811 0.8198 0.0000
vt 0.9802 0.8148 0.0000
vt 0.9793 0.8097 0.0000
vt 0.9785 0.8047 0.0000
vt 0.9778 0.7996 0.0000
vt 0.9773 0.7945 0.0000
vt 0.9771 0.7894 0.0000
vt 0.9770 0.7843 0.0000
vt 0.9772 0.7791 0.0000
vt 0.9776 0.7740 0.0000
vt 0.9781 0.7689 0.0000
vt 0.9787 0.7638 0.0000
vt 0.9792 0.7587 0.0000
vt 0.9797 0.7536 0.0000
vt 0.9801 0.7485 0.0000
vt 0.1135 0.0285 0.0000
vt 0.1135 0.1838 0.0000
vt 0.0997 0.1838 0.0000
vt 0.0998 0.0286 0.0000
vt 0.0627 0.1831 0.0000
vt 0.0625 0.0293 0.0000
vt 0.8261 0.4713 0.0000
vt 0.8273 0.4565 0.0000
vt 0.8315 0.4439 0.0000
vt 0.8965 0.4714 0.0000
vt 0.2419 0.0280 0.0000
vt 0.2409 0.1846 0.0000
vt 0.1687 0.1834 0.0000
vt 0.1687 0.0290 0.0000
vt 0.1675 0.0290 0.0000
vt 0.1676 0.0284 0.0000
vt 0.1681 0.0285 0.0000
vt 0.1681 0.0290 0.0000
vt 0.0620 0.0293 0.0000
vt 0.0620 0.0288 0.0000
vt 0.0625 0.0287 0.0000
vt 0.8260 0.4719 0.0000
vt 0.8255 0.4718 0.0000
vt 0.8255 0.4713 0.0000
vt 0.8965 0.4224 0.0000
vt 0.8965 0.4218 0.0000
vt 0.8970 0.4219 0.0000
vt 0.8971 0.4223 0.0000
vt 0.8971 0.4714 0.0000
vt 0.8970 0.4719 0.0000
vt 0.8965 0.4720 0.0000
vt 0.0105 0.0283 0.0000
vt 0.0099 0.0283 0.0000
vt 0.0100 0.0278 0.0000
vt 0.0105 0.0277 0.0000
vt 0.0614 0.0293 0.0000
vt 0.0614 0.0287 0.0000
vt 0.1687 0.0284 0.0000
vt 0.2419 0.0274 0.0000
vt 0.2424 0.0275 0.0000
vt 0.2425 0.0280 0.0000
vt 0.1521 0.0286 0.0000
vt 0.1521 0.0281 0.0000
vt 0.1383 0.0286 0.0000
vt 0.1383 0.0280 0.0000
vt 0.1259 0.0286 0.0000
vt 0.1259 0.0280 0.0000
vt 0.0998 0.0280 0.0000
vt 0.1135 0.0280 0.0000
vt 0.8268 0.4563 0.0000
vt 0.8309 0.4437 0.0000
vt 0.8384 0.4343 0.0000
vt 0.8380 0.4339 0.0000
vt 0.8481 0.4275 0.0000
vt 0.8478 0.4269 0.0000
vt 0.8606 0.4234 0.0000
vt 0.8605 0.4228 0.0000
vt 0.0112 0.1842 0.0000
vt 0.0106 0.1843 0.0000
vt 0.1681 0.1834 0.0000
vt 0.1521 0.1837 0.0000
vt 0.1383 0.1838 0.0000
vt 0.1259 0.1838 0.0000
vt 0.1676 0.1834 0.0000
vt 0.8067 0.4152 0.0000
vt 0.7363 0.4153 0.0000
vt 0.8013 0.3878 0.0000
vt 0.8055 0.4003 0.0000
vt 0.1681 0.1839 0.0000
vt 0.1676 0.1840 0.0000
vt 0.0627 0.1837 0.0000
vt 0.0621 0.1836 0.0000
vt 0.0621 0.1831 0.0000
vt 0.8073 0.4152 0.0000
vt 0.8073 0.4156 0.0000
vt 0.8068 0.4157 0.0000
vt 0.7363 0.3662 0.0000
vt 0.7357 0.3662 0.0000
vt 0.7358 0.3657 0.0000
vt 0.7362 0.3657 0.0000
vt 0.7363 0.4159 0.0000
vt 0.7358 0.4158 0.0000
vt 0.7357 0.4153 0.0000
vt 0.0112 0.1848 0.0000
vt 0.0107 0.1848 0.0000
vt 0.0615 0.1831 0.0000
vt 0.0616 0.1837 0.0000
vt 0.1687 0.1840 0.0000
vt 0.2415 0.1846 0.0000
vt 0.2414 0.1851 0.0000
vt 0.2409 0.1852 0.0000
vt 0.1521 0.1843 0.0000
vt 0.1383 0.1844 0.0000
vt 0.1259 0.1844 0.0000
vt 0.1135 0.1844 0.0000
vt 0.0997 0.1844 0.0000
vt 0.8060 0.4002 0.0000
vt 0.8019 0.3875 0.0000
vt 0.7944 0.3782 0.0000
vt 0.7948 0.3778 0.0000
vt 0.7847 0.3713 0.0000
vt 0.7850 0.3708 0.0000
vt 0.7722 0.3672 0.0000
vt 0.7723 0.3667 0.0000
vt 0.3862 0.1896 0.0000
vt 0.3725 0.1896 0.0000
vt 0.3725 0.3444 0.0000
vt 0.3862 0.3444 0.0000
vt 0.4231 0.1903 0.0000
vt 0.4233 0.3437 0.0000
vt 0.9050 0.4711 0.0000
vt 0.9755 0.4712 0.0000
vt 0.9104 0.4437 0.0000
vt 0.9063 0.4563 0.0000
vt 0.3174 0.1900 0.0000
vt 0.2454 0.1888 0.0000
vt 0.2444 0.3450 0.0000
vt 0.3174 0.3440 0.0000
vt 0.3186 0.3440 0.0000
vt 0.3180 0.3440 0.0000
vt 0.3180 0.3444 0.0000
vt 0.3186 0.3446 0.0000
vt 0.4233 0.3443 0.0000
vt 0.4239 0.3441 0.0000
vt 0.4239 0.3437 0.0000
vt 0.9045 0.4711 0.0000
vt 0.9045 0.4716 0.0000
vt 0.9050 0.4717 0.0000
vt 0.9755 0.4222 0.0000
vt 0.9761 0.4221 0.0000
vt 0.9760 0.4217 0.0000
vt 0.9755 0.4216 0.0000
vt 0.9755 0.4718 0.0000
vt 0.9760 0.4717 0.0000
vt 0.9760 0.4712 0.0000
vt 0.4752 0.3447 0.0000
vt 0.4752 0.3453 0.0000
vt 0.4757 0.3452 0.0000
vt 0.4758 0.3447 0.0000
vt 0.4245 0.3437 0.0000
vt 0.4244 0.3443 0.0000
vt 0.3175 0.3446 0.0000
vt 0.2438 0.3450 0.0000
vt 0.2439 0.3455 0.0000
vt 0.2444 0.3455 0.0000
vt 0.3340 0.3449 0.0000
vt 0.3340 0.3443 0.0000
vt 0.3477 0.3450 0.0000
vt 0.3477 0.3444 0.0000
vt 0.3601 0.3450 0.0000
vt 0.3601 0.3444 0.0000
vt 0.3725 0.3450 0.0000
vt 0.3862 0.3450 0.0000
vt 0.9057 0.4562 0.0000
vt 0.9099 0.4435 0.0000
vt 0.9174 0.4341 0.0000
vt 0.9170 0.4337 0.0000
vt 0.9271 0.4273 0.0000
vt 0.9268 0.4268 0.0000
vt 0.9396 0.4232 0.0000
vt 0.9395 0.4226 0.0000
vt 0.4751 0.1892 0.0000
vt 0.4745 0.1892 0.0000
vt 0.3180 0.1900 0.0000
vt 0.3340 0.1897 0.0000
vt 0.3477 0.1896 0.0000
vt 0.3601 0.1896 0.0000
vt 0.3186 0.1900 0.0000
vt 0.7348 0.4152 0.0000
vt 0.7335 0.4003 0.0000
vt 0.7294 0.3878 0.0000
vt 0.6644 0.4153 0.0000
vt 0.3185 0.1894 0.0000
vt 0.3180 0.1895 0.0000
vt 0.4237 0.1903 0.0000
vt 0.4237 0.1898 0.0000
vt 0.4232 0.1897 0.0000
vt 0.7348 0.4157 0.0000
vt 0.7353 0.4156 0.0000
vt 0.7354 0.4152 0.0000
vt 0.6643 0.3662 0.0000
vt 0.6643 0.3657 0.0000
vt 0.6638 0.3657 0.0000
vt 0.6637 0.3662 0.0000
vt 0.6638 0.4153 0.0000
vt 0.6639 0.4158 0.0000
vt 0.6643 0.4159 0.0000
vt 0.4750 0.1887 0.0000
vt 0.4745 0.1886 0.0000
vt 0.4243 0.1903 0.0000
vt 0.4243 0.1897 0.0000
vt 0.3175 0.1894 0.0000
vt 0.2454 0.1882 0.0000
vt 0.2449 0.1883 0.0000
vt 0.2448 0.1888 0.0000
vt 0.3340 0.1891 0.0000
vt 0.3477 0.1890 0.0000
vt 0.3601 0.1890 0.0000
vt 0.3862 0.1890 0.0000
vt 0.3725 0.1890 0.0000
vt 0.7341 0.4002 0.0000
vt 0.7299 0.3875 0.0000
vt 0.7224 0.3782 0.0000
vt 0.7229 0.3778 0.0000
vt 0.7127 0.3713 0.0000
vt 0.7130 0.3708 0.0000
vt 0.7002 0.3672 0.0000
vt 0.7003 0.3667 0.0000
vt 0.3329 0.1838 0.0000
vt 0.3466 0.1838 0.0000
vt 0.3466 0.0285 0.0000
vt 0.3329 0.0286 0.0000
vt 0.2958 0.1831 0.0000
vt 0.2957 0.0293 0.0000
vt 0.8342 0.4077 0.0000
vt 0.9046 0.4078 0.0000
vt 0.8395 0.3804 0.0000
vt 0.8354 0.3929 0.0000
vt 0.4018 0.1834 0.0000
vt 0.4741 0.1846 0.0000
vt 0.4750 0.0280 0.0000
vt 0.4018 0.0290 0.0000
vt 0.4006 0.0290 0.0000
vt 0.4012 0.0290 0.0000
vt 0.4012 0.0285 0.0000
vt 0.4007 0.0284 0.0000
vt 0.2956 0.0287 0.0000
vt 0.2951 0.0288 0.0000
vt 0.2951 0.0293 0.0000
vt 0.8336 0.4077 0.0000
vt 0.8336 0.4082 0.0000
vt 0.8341 0.4083 0.0000
vt 0.9046 0.3588 0.0000
vt 0.9052 0.3588 0.0000
vt 0.9051 0.3583 0.0000
vt 0.9046 0.3582 0.0000
vt 0.9046 0.4084 0.0000
vt 0.9051 0.4083 0.0000
vt 0.9052 0.4079 0.0000
vt 0.2436 0.0283 0.0000
vt 0.2436 0.0277 0.0000
vt 0.2431 0.0278 0.0000
vt 0.2430 0.0283 0.0000
vt 0.2945 0.0293 0.0000
vt 0.2945 0.0287 0.0000
vt 0.4018 0.0284 0.0000
vt 0.4756 0.0280 0.0000
vt 0.4755 0.0275 0.0000
vt 0.4750 0.0274 0.0000
vt 0.3852 0.0281 0.0000
vt 0.3852 0.0286 0.0000
vt 0.3714 0.0280 0.0000
vt 0.3714 0.0286 0.0000
vt 0.3590 0.0280 0.0000
vt 0.3590 0.0286 0.0000
vt 0.3466 0.0280 0.0000
vt 0.3329 0.0280 0.0000
vt 0.8349 0.3928 0.0000
vt 0.8390 0.3801 0.0000
vt 0.8465 0.3708 0.0000
vt 0.8461 0.3703 0.0000
vt 0.8562 0.3639 0.0000
vt 0.8559 0.3634 0.0000
vt 0.8687 0.3598 0.0000
vt 0.8686 0.3592 0.0000
vt 0.2437 0.1843 0.0000
vt 0.2443 0.1842 0.0000
vt 0.4013 0.1834 0.0000
vt 0.3852 0.1837 0.0000
vt 0.3715 0.1838 0.0000
vt 0.3590 0.1838 0.0000
vt 0.4007 0.1834 0.0000
vt 0.7348 0.4656 0.0000
vt 0.7335 0.4508 0.0000
vt 0.7294 0.4382 0.0000
vt 0.6644 0.4657 0.0000
vt 0.4007 0.1840 0.0000
vt 0.4013 0.1839 0.0000
vt 0.2952 0.1831 0.0000
vt 0.2952 0.1836 0.0000
vt 0.2958 0.1837 0.0000
vt 0.7348 0.4662 0.0000
vt 0.7353 0.4661 0.0000
vt 0.7354 0.4656 0.0000
vt 0.6643 0.4167 0.0000
vt 0.6643 0.4161 0.0000
vt 0.6638 0.4162 0.0000
vt 0.6637 0.4166 0.0000
vt 0.6638 0.4657 0.0000
vt 0.6639 0.4662 0.0000
vt 0.6643 0.4663 0.0000
vt 0.2438 0.1848 0.0000
vt 0.2443 0.1848 0.0000
vt 0.2946 0.1831 0.0000
vt 0.2947 0.1837 0.0000
vt 0.4018 0.1840 0.0000
vt 0.4740 0.1852 0.0000
vt 0.4745 0.1851 0.0000
vt 0.4747 0.1846 0.0000
vt 0.3852 0.1843 0.0000
vt 0.3715 0.1844 0.0000
vt 0.3590 0.1844 0.0000
vt 0.3328 0.1844 0.0000
vt 0.3466 0.1844 0.0000
vt 0.7341 0.4506 0.0000
vt 0.7299 0.4379 0.0000
vt 0.7224 0.4286 0.0000
vt 0.7229 0.4282 0.0000
vt 0.7127 0.4218 0.0000
vt 0.7130 0.4212 0.0000
vt 0.7002 0.4177 0.0000
vt 0.7003 0.4171 0.0000
vt 0.1374 0.3439 0.0000
vt 0.1374 0.1890 0.0000
vt 0.1511 0.1890 0.0000
vt 0.1511 0.3438 0.0000
vt 0.1881 0.1897 0.0000
vt 0.1882 0.3431 0.0000
vt 0.9127 0.4065 0.0000
vt 0.9140 0.3917 0.0000
vt 0.9181 0.3791 0.0000
vt 0.9831 0.4066 0.0000
vt 0.0094 0.3444 0.0000
vt 0.0103 0.1882 0.0000
vt 0.0823 0.1894 0.0000
vt 0.0824 0.3434 0.0000
vt 0.0835 0.3434 0.0000
vt 0.0835 0.3440 0.0000
vt 0.0830 0.3439 0.0000
vt 0.0830 0.3434 0.0000
vt 0.1888 0.3431 0.0000
vt 0.1888 0.3436 0.0000
vt 0.1883 0.3437 0.0000
vt 0.9127 0.4070 0.0000
vt 0.9122 0.4070 0.0000
vt 0.9121 0.4065 0.0000
vt 0.9832 0.3576 0.0000
vt 0.9832 0.3570 0.0000
vt 0.9837 0.3571 0.0000
vt 0.9838 0.3575 0.0000
vt 0.9837 0.4066 0.0000
vt 0.9836 0.4071 0.0000
vt 0.9831 0.4072 0.0000
vt 0.2401 0.3441 0.0000
vt 0.2407 0.3441 0.0000
vt 0.2406 0.3446 0.0000
vt 0.2401 0.3447 0.0000
vt 0.1894 0.3431 0.0000
vt 0.1894 0.3437 0.0000
vt 0.0824 0.3440 0.0000
vt 0.0094 0.3450 0.0000
vt 0.0089 0.3449 0.0000
vt 0.0088 0.3444 0.0000
vt 0.0990 0.3438 0.0000
vt 0.0990 0.3444 0.0000
vt 0.1127 0.3438 0.0000
vt 0.1127 0.3444 0.0000
vt 0.1250 0.3438 0.0000
vt 0.1250 0.3444 0.0000
vt 0.1511 0.3444 0.0000
vt 0.1374 0.3445 0.0000
vt 0.9134 0.3915 0.0000
vt 0.9176 0.3788 0.0000
vt 0.9251 0.3695 0.0000
vt 0.9246 0.3691 0.0000
vt 0.9347 0.3627 0.0000
vt 0.9345 0.3621 0.0000
vt 0.9473 0.3586 0.0000
vt 0.9472 0.3580 0.0000
vt 0.2394 0.1886 0.0000
vt 0.2400 0.1886 0.0000
vt 0.0829 0.1895 0.0000
vt 0.0989 0.1891 0.0000
vt 0.1126 0.1891 0.0000
vt 0.1250 0.1891 0.0000
vt 0.0835 0.1894 0.0000
vt 0.8067 0.4656 0.0000
vt 0.7363 0.4657 0.0000
vt 0.8013 0.4382 0.0000
vt 0.8055 0.4508 0.0000
vt 0.0829 0.1890 0.0000
vt 0.0835 0.1888 0.0000
vt 0.1881 0.1892 0.0000
vt 0.1887 0.1893 0.0000
vt 0.1887 0.1898 0.0000
vt 0.8073 0.4656 0.0000
vt 0.8073 0.4661 0.0000
vt 0.8068 0.4662 0.0000
vt 0.7363 0.4167 0.0000
vt 0.7357 0.4166 0.0000
vt 0.7358 0.4162 0.0000
vt 0.7362 0.4161 0.0000
vt 0.7363 0.4663 0.0000
vt 0.7358 0.4662 0.0000
vt 0.7357 0.4657 0.0000
vt 0.2394 0.1880 0.0000
vt 0.2399 0.1881 0.0000
vt 0.1892 0.1897 0.0000
vt 0.1892 0.1892 0.0000
vt 0.0824 0.1888 0.0000
vt 0.0097 0.1882 0.0000
vt 0.0098 0.1877 0.0000
vt 0.0103 0.1876 0.0000
vt 0.0989 0.1885 0.0000
vt 0.1126 0.1885 0.0000
vt 0.1250 0.1885 0.0000
vt 0.1374 0.1884 0.0000
vt 0.1511 0.1885 0.0000
vt 0.8060 0.4506 0.0000
vt 0.8019 0.4379 0.0000
vt 0.7944 0.4286 0.0000
vt 0.7948 0.4282 0.0000
vt 0.7847 0.4218 0.0000
vt 0.7850 0.4212 0.0000
vt 0.7722 0.4177 0.0000
vt 0.7723 0.4171 0.0000
vt 0.9931 0.2307 0.0000
vt 0.9934 0.2307 0.0000
vt 0.9934 0.2310 0.0000
vt 0.9931 0.2311 0.0000
vt 0.7347 0.1251 0.0000
vt 0.7347 0.1247 0.0000
vt 0.7350 0.1248 0.0000
vt 0.7351 0.1251 0.0000
vt 0.9298 0.0697 0.0000
vt 0.9297 0.0697 0.0000
vt 0.9298 0.0596 0.0000
vt 0.9297 0.0596 0.0000
vt 0.9297 0.0595 0.0000
vt 0.9298 0.0595 0.0000
vt 0.9296 0.0596 0.0000
vt 0.9296 0.0595 0.0000
vt 0.9296 0.0697 0.0000
vt 0.4886 0.1251 0.0000
vt 0.4886 0.1247 0.0000
vt 0.7347 0.2300 0.0000
vt 0.4886 0.2300 0.0000
vt 0.9081 0.0596 0.0000
vt 0.9081 0.0595 0.0000
vt 0.7398 0.2307 0.0000
vt 0.7398 0.2311 0.0000
vt 0.7395 0.2310 0.0000
vt 0.7395 0.2307 0.0000
vt 0.4883 0.1251 0.0000
vt 0.4883 0.1248 0.0000
vt 0.9803 0.0697 0.0000
vt 0.9804 0.0697 0.0000
vt 0.9803 0.0596 0.0000
vt 0.9803 0.0595 0.0000
vt 0.9804 0.0595 0.0000
vt 0.9804 0.0596 0.0000
vt 0.8357 0.0595 0.0000
vt 0.8356 0.0595 0.0000
vt 0.8356 0.0594 0.0000
vt 0.8357 0.0594 0.0000
vt 0.8358 0.0696 0.0000
vt 0.8358 0.0697 0.0000
vt 0.8357 0.0696 0.0000
vt 0.9931 0.1227 0.0000
vt 0.9931 0.1223 0.0000
vt 0.9934 0.1224 0.0000
vt 0.9934 0.1227 0.0000
vt 0.7351 0.2300 0.0000
vt 0.7350 0.2303 0.0000
vt 0.7347 0.2304 0.0000
vt 0.9079 0.0697 0.0000
vt 0.9080 0.0697 0.0000
vt 0.9079 0.0596 0.0000
vt 0.9079 0.0595 0.0000
vt 0.9080 0.0595 0.0000
vt 0.9080 0.0596 0.0000
vt 0.9081 0.0697 0.0000
vt 0.4886 0.2304 0.0000
vt 0.7398 0.1227 0.0000
vt 0.7395 0.1227 0.0000
vt 0.7395 0.1224 0.0000
vt 0.7398 0.1223 0.0000
vt 0.4883 0.2303 0.0000
vt 0.4883 0.2300 0.0000
vt 0.8574 0.0695 0.0000
vt 0.8574 0.0696 0.0000
vt 0.8573 0.0696 0.0000
vt 0.8573 0.0695 0.0000
vt 0.8574 0.0595 0.0000
vt 0.8574 0.0594 0.0000
vt 0.8573 0.0595 0.0000
vt 0.8573 0.0594 0.0000
vt 0.8572 0.0695 0.0000
vt 0.7347 0.2329 0.0000
vt 0.7347 0.2325 0.0000
vt 0.7350 0.2326 0.0000
vt 0.7351 0.2329 0.0000
vt 0.9931 0.3415 0.0000
vt 0.9934 0.3415 0.0000
vt 0.9934 0.3419 0.0000
vt 0.9931 0.3419 0.0000
vt 0.9298 0.0814 0.0000
vt 0.9297 0.0814 0.0000
vt 0.9297 0.0813 0.0000
vt 0.9298 0.0813 0.0000
vt 0.9298 0.0915 0.0000
vt 0.9298 0.0916 0.0000
vt 0.9297 0.0915 0.0000
vt 0.9296 0.0915 0.0000
vt 0.9296 0.0916 0.0000
vt 0.9296 0.0814 0.0000
vt 0.9296 0.0813 0.0000
vt 0.7398 0.3419 0.0000
vt 0.7398 0.3415 0.0000
vt 0.7398 0.2336 0.0000
vt 0.9931 0.2336 0.0000
vt 0.7351 0.3378 0.0000
vt 0.7347 0.3378 0.0000
vt 0.4886 0.2329 0.0000
vt 0.4883 0.2329 0.0000
vt 0.4883 0.2326 0.0000
vt 0.4886 0.2325 0.0000
vt 0.7395 0.3419 0.0000
vt 0.7395 0.3415 0.0000
vt 0.9803 0.0815 0.0000
vt 0.9803 0.0814 0.0000
vt 0.9804 0.0814 0.0000
vt 0.9804 0.0815 0.0000
vt 0.9803 0.0916 0.0000
vt 0.9804 0.0916 0.0000
vt 0.9804 0.0917 0.0000
vt 0.9803 0.0917 0.0000
vt 0.8358 0.0915 0.0000
vt 0.8358 0.0916 0.0000
vt 0.8357 0.0916 0.0000
vt 0.8357 0.0915 0.0000
vt 0.8357 0.0814 0.0000
vt 0.8356 0.0814 0.0000
vt 0.8356 0.0813 0.0000
vt 0.8357 0.0813 0.0000
vt 0.8573 0.0813 0.0000
vt 0.8573 0.0814 0.0000
vt 0.7350 0.3381 0.0000
vt 0.7347 0.3382 0.0000
vt 0.9931 0.2332 0.0000
vt 0.9934 0.2333 0.0000
vt 0.9934 0.2336 0.0000
vt 0.9079 0.0814 0.0000
vt 0.9079 0.0813 0.0000
vt 0.9080 0.0813 0.0000
vt 0.9080 0.0814 0.0000
vt 0.9079 0.0915 0.0000
vt 0.9080 0.0915 0.0000
vt 0.9079 0.0916 0.0000
vt 0.9081 0.0915 0.0000
vt 0.9081 0.0916 0.0000
vt 0.9081 0.0814 0.0000
vt 0.9081 0.0813 0.0000
vt 0.7398 0.2332 0.0000
vt 0.4886 0.3378 0.0000
vt 0.4886 0.3382 0.0000
vt 0.4883 0.3381 0.0000
vt 0.4883 0.3378 0.0000
vt 0.7395 0.2336 0.0000
vt 0.7395 0.2333 0.0000
vt 0.8574 0.0814 0.0000
vt 0.8574 0.0813 0.0000
vt 0.8574 0.0915 0.0000
vt 0.8574 0.0916 0.0000
vt 0.8573 0.0915 0.0000
vt 0.8573 0.0916 0.0000
# 1394 texture coords

o end_table
g end_table
usemtl end_table
s 1
f 1/1/1 2/2/2 3/3/3 4/4/4 
f 5/5/5 6/6/6 7/7/7 8/8/8 
f 9/9/9 10/10/10 11/11/11 12/12/12 
f 13/13/13 14/14/14 15/15/15 16/16/16 
f 1/1/1 17/17/17 18/18/18 2/2/2 
f 17/17/17 19/19/19 20/20/20 18/18/18 
f 19/19/19 21/21/21 22/22/22 20/20/20 
f 3/3/3 23/23/23 24/24/24 4/4/4 
f 23/23/23 25/25/25 26/26/26 24/24/24 
f 25/25/25 27/27/27 28/28/28 26/26/26 
f 5/5/5 29/29/29 30/30/30 6/6/6 
f 29/29/29 31/31/31 32/32/32 30/30/30 
f 31/31/31 33/33/33 34/34/34 32/32/32 
f 7/7/7 35/35/35 36/36/36 8/8/8 
f 35/35/35 37/37/37 38/38/38 36/36/36 
f 37/37/37 22/22/22 21/21/21 38/38/38 
f 9/9/9 39/39/39 40/40/40 10/10/10 
f 39/39/39 41/41/41 42/42/42 40/40/40 
f 41/41/41 43/43/43 44/44/44 42/42/42 
f 11/11/11 45/45/45 46/46/46 12/12/12 
f 45/45/45 47/47/47 48/48/48 46/46/46 
f 47/47/47 34/34/34 33/33/33 48/48/48 
f 13/13/13 49/49/49 50/50/50 14/14/14 
f 49/49/49 51/51/51 52/52/52 50/50/50 
f 51/51/51 28/53/28 27/54/27 52/52/52 
f 15/15/15 53/55/53 54/56/54 16/16/16 
f 53/55/53 55/57/55 56/58/56 54/56/54 
f 55/57/55 44/44/44 43/43/43 56/58/56 
f 57/59/57 58/60/58 59/61/59 60/62/60 
f 61/63/57 57/59/57 60/62/60 62/64/61 
f 63/65/57 61/63/57 62/64/61 64/66/62 
f 65/67/57 63/65/57 64/66/62 66/68/63 
f 67/69/57 65/67/57 66/68/63 68/70/64 
f 69/71/65 67/69/57 68/70/64 70/72/66 
f 71/73/65 69/71/65 70/72/66 72/74/67 
f 73/75/57 71/73/65 72/74/67 74/76/68 
f 75/77/57 73/75/57 74/76/68 76/78/69 
f 77/79/57 75/77/57 76/78/69 78/80/70 
f 79/81/57 77/79/57 78/80/70 80/82/71 
f 81/83/57 79/81/57 80/82/71 82/84/72 
f 83/85/73 81/83/57 82/84/72 84/86/74 
f 85/87/73 83/85/73 84/86/74 86/88/75 
f 87/89/57 85/87/73 86/88/75 88/90/76 
f 89/91/57 87/89/57 88/90/76 90/92/77 
f 91/93/57 89/91/57 90/92/77 92/94/78 
f 93/95/57 91/93/57 92/94/78 94/96/79 
f 95/97/57 93/95/57 94/96/79 96/98/80 
f 97/99/81 95/97/57 96/98/80 98/100/82 
f 99/101/81 97/99/81 98/100/82 100/102/83 
f 101/103/57 99/101/81 100/102/83 102/104/84 
f 103/105/57 101/103/57 102/104/84 104/106/85 
f 105/107/57 103/105/57 104/106/85 106/108/86 
f 107/109/57 105/107/57 106/108/86 108/110/87 
f 109/111/57 107/109/57 108/110/87 110/112/88 
f 111/113/58 109/111/57 110/112/88 112/114/89 
f 58/60/58 111/113/58 112/114/89 59/61/59 
f 113/115/90 114/116/91 115/117/92 116/118/93 
f 117/119/90 113/115/90 116/118/93 118/120/94 
f 119/121/90 117/119/90 118/120/94 120/122/95 
f 121/123/90 119/121/90 120/122/95 122/124/96 
f 123/125/90 121/123/90 122/124/96 124/126/97 
f 125/127/98 123/125/90 124/126/97 126/128/99 
f 127/129/98 125/127/98 126/128/99 128/130/100 
f 129/131/90 127/129/98 128/130/100 130/132/101 
f 131/133/90 129/131/90 130/132/101 132/134/102 
f 133/135/90 131/133/90 132/134/102 134/136/103 
f 135/137/90 133/135/90 134/136/103 136/138/104 
f 137/139/90 135/137/90 136/138/104 138/140/105 
f 139/141/106 137/139/90 138/140/105 140/142/107 
f 141/143/106 139/141/106 140/142/107 142/144/108 
f 143/145/90 141/143/106 142/144/108 144/146/109 
f 145/147/90 143/145/90 144/146/109 146/148/110 
f 147/149/90 145/147/90 146/148/110 148/150/111 
f 149/151/90 147/149/90 148/150/111 150/152/112 
f 151/153/90 149/151/90 150/152/112 152/154/113 
f 153/155/114 151/153/90 152/154/113 154/156/115 
f 155/157/114 153/155/114 154/156/115 156/158/116 
f 157/159/90 155/157/114 156/158/116 158/160/117 
f 159/161/90 157/159/90 158/160/117 160/162/118 
f 161/163/90 159/161/90 160/162/118 162/164/119 
f 163/165/90 161/163/90 162/164/119 164/166/120 
f 165/167/90 163/165/90 164/166/120 166/168/121 
f 167/169/91 165/167/90 166/168/121 168/170/122 
f 114/116/91 167/169/91 168/170/122 115/117/92 
f 1/1/1 4/4/4 59/171/59 112/172/89 
f 3/3/3 2/2/2 128/173/100 126/174/99 
f 5/5/5 8/8/8 100/175/83 98/176/82 
f 7/7/7 6/6/6 142/177/108 140/178/107 
f 9/9/9 12/12/12 86/179/75 84/180/74 
f 11/11/11 10/10/10 156/181/116 154/182/115 
f 13/13/13 16/16/16 72/183/67 70/184/66 
f 15/15/15 14/14/14 115/185/92 168/186/122 
f 17/17/17 1/1/1 112/172/89 110/187/88 
f 2/2/2 18/18/18 130/188/101 128/173/100 
f 19/19/19 17/17/17 110/187/88 108/189/87 
f 18/18/18 20/20/20 132/190/102 130/188/101 
f 21/21/21 19/19/19 108/189/87 106/191/86 
f 20/20/20 22/22/22 134/192/103 132/190/102 
f 23/23/23 3/3/3 126/174/99 124/193/97 
f 4/4/4 24/24/24 60/194/60 59/171/59 
f 25/25/25 23/23/23 124/193/97 122/195/96 
f 24/24/24 26/26/26 62/196/61 60/194/60 
f 27/27/27 25/25/25 122/195/96 120/197/95 
f 26/26/26 28/28/28 64/198/62 62/196/61 
f 29/29/29 5/5/5 98/176/82 96/199/80 
f 6/6/6 30/30/30 144/200/109 142/177/108 
f 31/31/31 29/29/29 96/199/80 94/201/79 
f 30/30/30 32/32/32 146/202/110 144/200/109 
f 33/33/33 31/31/31 94/201/79 92/203/78 
f 32/32/32 34/34/34 148/204/111 146/202/110 
f 35/35/35 7/7/7 140/178/107 138/205/105 
f 8/8/8 36/36/36 102/206/84 100/175/83 
f 37/37/37 35/35/35 138/205/105 136/207/104 
f 36/36/36 38/38/38 104/208/85 102/206/84 
f 22/22/22 37/37/37 136/207/104 134/192/103 
f 38/38/38 21/21/21 106/191/86 104/208/85 
f 39/39/39 9/9/9 84/180/74 82/209/72 
f 10/10/10 40/40/40 158/210/117 156/181/116 
f 41/41/41 39/39/39 82/209/72 80/211/71 
f 40/40/40 42/42/42 160/212/118 158/210/117 
f 43/43/43 41/41/41 80/211/71 78/213/70 
f 42/42/42 44/44/44 162/214/119 160/212/118 
f 45/45/45 11/11/11 154/182/115 152/215/113 
f 12/12/12 46/46/46 88/216/76 86/179/75 
f 47/47/47 45/45/45 152/215/113 150/217/112 
f 46/46/46 48/48/48 90/218/77 88/216/76 
f 34/34/34 47/47/47 150/217/112 148/204/111 
f 48/48/48 33/33/33 92/203/78 90/218/77 
f 49/49/49 13/13/13 70/184/66 68/219/64 
f 14/14/14 50/50/50 116/220/93 115/185/92 
f 51/51/51 49/49/49 68/219/64 66/221/63 
f 50/50/50 52/52/52 118/222/94 116/220/93 
f 28/53/28 51/51/51 66/221/63 64/223/62 
f 52/52/52 27/54/27 120/224/95 118/222/94 
f 53/55/53 15/15/15 168/186/122 166/225/121 
f 16/16/16 54/56/54 74/226/68 72/183/67 
f 55/57/55 53/55/53 166/225/121 164/227/120 
f 54/56/54 56/58/56 76/228/69 74/226/68 
f 44/44/44 55/57/55 164/227/120 162/214/119 
f 56/58/56 43/43/43 78/213/70 76/228/69 
f 153/155/114 155/157/114 157/159/90 151/153/90 
f 151/153/90 157/159/90 159/161/90 149/151/90 
f 149/151/90 159/161/90 161/163/90 147/149/90 
f 147/149/90 161/163/90 163/165/90 145/147/90 
f 145/147/90 163/165/90 165/167/90 143/145/90 
f 143/145/90 165/167/90 167/169/91 141/143/106 
f 141/143/106 167/169/91 114/116/91 139/141/106 
f 139/141/106 114/116/91 113/115/90 137/139/90 
f 137/139/90 113/115/90 117/119/90 135/137/90 
f 135/137/90 117/119/90 119/121/90 133/135/90 
f 133/135/90 119/121/90 121/123/90 131/133/90 
f 131/133/90 121/123/90 123/125/90 129/131/90 
f 129/131/90 123/125/90 125/127/98 127/129/98 
f 111/113/58 58/60/58 57/59/57 109/111/57 
f 109/111/57 57/59/57 61/63/57 107/109/57 
f 107/109/57 61/63/57 63/65/57 105/107/57 
f 105/107/57 63/65/57 65/67/57 103/105/57 
f 103/105/57 65/67/57 67/69/57 101/103/57 
f 101/103/57 67/69/57 69/71/65 99/101/81 
f 99/101/81 69/71/65 71/73/65 97/99/81 
f 97/99/81 71/73/65 73/75/57 95/97/57 
f 95/97/57 73/75/57 75/77/57 93/95/57 
f 93/95/57 75/77/57 77/79/57 91/93/57 
f 91/93/57 77/79/57 79/81/57 89/91/57 
f 89/91/57 79/81/57 81/83/57 87/89/57 
f 87/89/57 81/83/57 83/85/73 85/87/73 
f 169/229/123 170/230/124 171/231/125 172/232/126 
f 173/233/127 174/234/128 175/235/129 176/236/130 
f 177/237/131 178/238/132 179/239/133 180/240/134 
f 181/241/135 182/242/136 183/243/137 184/244/138 
f 169/229/123 185/245/139 186/246/140 170/230/124 
f 185/245/139 187/247/141 188/248/142 186/246/140 
f 187/247/141 189/249/143 190/250/144 188/248/142 
f 171/231/125 191/251/145 192/252/146 172/232/126 
f 191/251/145 193/253/147 194/254/148 192/252/146 
f 193/253/147 195/255/149 196/256/150 194/254/148 
f 173/233/127 197/257/151 198/258/152 174/234/128 
f 197/257/151 199/259/153 200/260/154 198/258/152 
f 199/259/153 201/261/155 202/262/156 200/260/154 
f 175/235/129 203/263/157 204/264/158 176/236/130 
f 203/263/157 205/265/159 206/266/160 204/264/158 
f 205/265/159 190/250/144 189/249/143 206/266/160 
f 177/237/131 207/267/161 208/268/162 178/238/132 
f 207/267/161 209/269/163 210/270/164 208/268/162 
f 209/269/163 211/271/165 212/272/166 210/270/164 
f 179/239/133 213/273/167 214/274/168 180/240/134 
f 213/273/167 215/275/169 216/276/170 214/274/168 
f 215/275/169 202/262/156 201/261/155 216/276/170 
f 181/241/135 217/277/171 218/278/172 182/242/136 
f 217/277/171 219/279/173 220/280/174 218/278/172 
f 219/279/173 196/281/150 195/282/149 220/280/174 
f 183/243/137 221/283/175 222/284/176 184/244/138 
f 221/283/175 223/285/177 224/286/178 222/284/176 
f 223/285/177 212/272/166 211/271/165 224/286/178 
f 225/287/57 226/288/58 227/289/59 228/290/179 
f 229/291/57 225/287/57 228/290/179 230/292/180 
f 231/293/57 229/291/57 230/292/180 232/294/62 
f 233/295/57 231/293/57 232/294/62 234/296/181 
f 235/297/57 233/295/57 234/296/181 236/298/182 
f 237/299/65 235/297/57 236/298/182 238/300/66 
f 239/301/65 237/299/65 238/300/66 240/302/67 
f 241/303/57 239/301/65 240/302/67 242/304/183 
f 243/305/57 241/303/57 242/304/183 244/306/184 
f 245/307/57 243/305/57 244/306/184 246/308/70 
f 247/309/57 245/307/57 246/308/70 248/310/185 
f 249/311/57 247/309/57 248/310/185 250/312/186 
f 251/313/73 249/311/57 250/312/186 252/314/74 
f 253/315/73 251/313/73 252/314/74 254/316/75 
f 255/317/57 253/315/73 254/316/75 256/318/187 
f 257/319/57 255/317/57 256/318/187 258/320/188 
f 259/321/57 257/319/57 258/320/188 260/322/78 
f 261/323/57 259/321/57 260/322/78 262/324/189 
f 263/325/57 261/323/57 262/324/189 264/326/190 
f 265/327/81 263/325/57 264/326/190 266/328/82 
f 267/329/81 265/327/81 266/328/82 268/330/83 
f 269/331/57 267/329/81 268/330/83 270/332/191 
f 271/333/57 269/331/57 270/332/191 272/334/192 
f 273/335/57 271/333/57 272/334/192 274/336/86 
f 275/337/57 273/335/57 274/336/86 276/338/193 
f 277/339/57 275/337/57 276/338/193 278/340/194 
f 279/341/58 277/339/57 278/340/194 280/342/89 
f 226/288/58 279/341/58 280/342/89 227/289/59 
f 281/343/90 282/344/91 283/345/92 284/346/195 
f 285/347/90 281/343/90 284/346/195 286/348/196 
f 287/349/90 285/347/90 286/348/196 288/350/95 
f 289/351/90 287/349/90 288/350/95 290/352/197 
f 291/353/90 289/351/90 290/352/197 292/354/198 
f 293/355/98 291/353/90 292/354/198 294/356/99 
f 295/357/98 293/355/98 294/356/99 296/358/100 
f 297/359/90 295/357/98 296/358/100 298/360/199 
f 299/361/90 297/359/90 298/360/199 300/362/200 
f 301/363/90 299/361/90 300/362/200 302/364/103 
f 303/365/90 301/363/90 302/364/103 304/366/201 
f 305/367/90 303/365/90 304/366/201 306/368/202 
f 307/369/106 305/367/90 306/368/202 308/370/107 
f 309/371/106 307/369/106 308/370/107 310/372/108 
f 311/373/90 309/371/106 310/372/108 312/374/203 
f 313/375/90 311/373/90 312/374/203 314/376/204 
f 315/377/90 313/375/90 314/376/204 316/378/111 
f 317/379/90 315/377/90 316/378/111 318/380/205 
f 319/381/90 317/379/90 318/380/205 320/382/206 
f 321/383/114 319/381/90 320/382/206 322/384/115 
f 323/385/114 321/383/114 322/384/115 324/386/116 
f 325/387/90 323/385/114 324/386/116 326/388/207 
f 327/389/90 325/387/90 326/388/207 328/390/208 
f 329/391/90 327/389/90 328/390/208 330/392/119 
f 331/393/90 329/391/90 330/392/119 332/394/209 
f 333/395/90 331/393/90 332/394/209 334/396/210 
f 335/397/91 333/395/90 334/396/210 336/398/122 
f 282/344/91 335/397/91 336/398/122 283/345/92 
f 169/229/123 172/232/126 227/399/59 280/400/89 
f 171/231/125 170/230/124 296/401/100 294/402/99 
f 173/233/127 176/236/130 268/403/83 266/404/82 
f 175/235/129 174/234/128 310/405/108 308/406/107 
f 177/237/131 180/240/134 254/407/75 252/408/74 
f 179/239/133 178/238/132 324/409/116 322/410/115 
f 181/241/135 184/244/138 240/411/67 238/412/66 
f 183/243/137 182/242/136 283/413/92 336/414/122 
f 185/245/139 169/229/123 280/400/89 278/415/194 
f 170/230/124 186/246/140 298/416/199 296/401/100 
f 187/247/141 185/245/139 278/415/194 276/417/193 
f 186/246/140 188/248/142 300/418/200 298/416/199 
f 189/249/143 187/247/141 276/417/193 274/419/86 
f 188/248/142 190/250/144 302/420/103 300/418/200 
f 191/251/145 171/231/125 294/402/99 292/421/198 
f 172/232/126 192/252/146 228/422/179 227/399/59 
f 193/253/147 191/251/145 292/421/198 290/423/197 
f 192/252/146 194/254/148 230/424/180 228/422/179 
f 195/255/149 193/253/147 290/423/197 288/425/95 
f 194/254/148 196/256/150 232/426/62 230/424/180 
f 197/257/151 173/233/127 266/404/82 264/427/190 
f 174/234/128 198/258/152 312/428/203 310/405/108 
f 199/259/153 197/257/151 264/427/190 262/429/189 
f 198/258/152 200/260/154 314/430/204 312/428/203 
f 201/261/155 199/259/153 262/429/189 260/431/78 
f 200/260/154 202/262/156 316/432/111 314/430/204 
f 203/263/157 175/235/129 308/406/107 306/433/202 
f 176/236/130 204/264/158 270/434/191 268/403/83 
f 205/265/159 203/263/157 306/433/202 304/435/201 
f 204/264/158 206/266/160 272/436/192 270/434/191 
f 190/250/144 205/265/159 304/435/201 302/420/103 
f 206/266/160 189/249/143 274/419/86 272/436/192 
f 207/267/161 177/237/131 252/408/74 250/437/186 
f 178/238/132 208/268/162 326/438/207 324/409/116 
f 209/269/163 207/267/161 250/437/186 248/439/185 
f 208/268/162 210/270/164 328/440/208 326/438/207 
f 211/271/165 209/269/163 248/439/185 246/441/70 
f 210/270/164 212/272/166 330/442/119 328/440/208 
f 213/273/167 179/239/133 322/410/115 320/443/206 
f 180/240/134 214/274/168 256/444/187 254/407/75 
f 215/275/169 213/273/167 320/443/206 318/445/205 
f 214/274/168 216/276/170 258/446/188 256/444/187 
f 202/262/156 215/275/169 318/445/205 316/432/111 
f 216/276/170 201/261/155 260/431/78 258/446/188 
f 217/277/171 181/241/135 238/412/66 236/447/182 
f 182/242/136 218/278/172 284/448/195 283/413/92 
f 219/279/173 217/277/171 236/447/182 234/449/181 
f 218/278/172 220/280/174 286/450/196 284/448/195 
f 196/281/150 219/279/173 234/449/181 232/451/62 
f 220/280/174 195/282/149 288/452/95 286/450/196 
f 221/283/175 183/243/137 336/414/122 334/453/210 
f 184/244/138 222/284/176 242/454/183 240/411/67 
f 223/285/177 221/283/175 334/453/210 332/455/209 
f 222/284/176 224/286/178 244/456/184 242/454/183 
f 212/272/166 223/285/177 332/455/209 330/442/119 
f 224/286/178 211/271/165 246/441/70 244/456/184 
f 321/383/114 323/385/114 325/387/90 319/381/90 
f 319/381/90 325/387/90 327/389/90 317/379/90 
f 317/379/90 327/389/90 329/391/90 315/377/90 
f 315/377/90 329/391/90 331/393/90 313/375/90 
f 313/375/90 331/393/90 333/395/90 311/373/90 
f 311/373/90 333/395/90 335/397/91 309/371/106 
f 309/371/106 335/397/91 282/344/91 307/369/106 
f 307/369/106 282/344/91 281/343/90 305/367/90 
f 305/367/90 281/343/90 285/347/90 303/365/90 
f 303/365/90 285/347/90 287/349/90 301/363/90 
f 301/363/90 287/349/90 289/351/90 299/361/90 
f 299/361/90 289/351/90 291/353/90 297/359/90 
f 297/359/90 291/353/90 293/355/98 295/357/98 
f 279/341/58 226/288/58 225/287/57 277/339/57 
f 277/339/57 225/287/57 229/291/57 275/337/57 
f 275/337/57 229/291/57 231/293/57 273/335/57 
f 273/335/57 231/293/57 233/295/57 271/333/57 
f 271/333/57 233/295/57 235/297/57 269/331/57 
f 269/331/57 235/297/57 237/299/65 267/329/81 
f 267/329/81 237/299/65 239/301/65 265/327/81 
f 265/327/81 239/301/65 241/303/57 263/325/57 
f 263/325/57 241/303/57 243/305/57 261/323/57 
f 261/323/57 243/305/57 245/307/57 259/321/57 
f 259/321/57 245/307/57 247/309/57 257/319/57 
f 257/319/57 247/309/57 249/311/57 255/317/57 
f 255/317/57 249/311/57 251/313/73 253/315/73 
f 337/457/211 338/458/212 339/459/213 340/460/214 
f 341/461/215 342/462/216 338/458/212 337/457/211 
f 343/463/217 344/464/218 342/462/216 341/461/215 
f 345/465/219 346/466/220 344/464/218 343/463/217 
f 347/467/221 348/468/222 346/466/220 345/465/219 
f 349/469/223 350/470/224 348/468/222 347/467/221 
f 351/471/225 352/472/226 350/470/224 349/469/223 
f 353/473/227 354/474/228 352/472/226 351/471/225 
f 355/475/229 356/476/230 354/474/228 353/473/227 
f 357/477/231 358/478/232 356/476/230 355/475/229 
f 359/479/233 360/480/234 358/478/232 357/477/231 
f 361/481/235 362/482/236 360/483/234 359/484/233 
f 363/485/237 364/486/238 362/482/236 361/481/235 
f 365/487/239 366/488/240 364/486/238 363/485/237 
f 367/489/241 368/490/242 366/488/240 365/487/239 
f 369/491/243 370/492/244 368/490/242 367/489/241 
f 371/493/245 372/494/246 370/492/244 369/491/243 
f 340/460/214 339/459/213 372/494/246 371/493/245 
f 373/495/247 374/496/248 375/497/249 376/498/250 
f 377/499/251 373/495/247 376/498/250 378/500/252 
f 379/501/253 377/499/251 378/500/252 380/502/254 
f 381/503/255 379/501/253 380/502/254 382/504/256 
f 383/505/257 381/503/255 382/504/256 384/506/258 
f 385/507/259 383/505/257 384/506/258 386/508/260 
f 387/509/261 385/507/259 386/508/260 388/510/262 
f 389/511/263 387/509/261 388/510/262 390/512/264 
f 391/513/265 389/511/263 390/512/264 392/514/266 
f 393/515/267 391/513/265 392/514/266 394/516/268 
f 395/517/269 393/515/267 394/516/268 396/518/270 
f 397/519/271 395/517/269 396/518/270 398/520/272 
f 399/521/273 397/519/271 398/520/272 400/522/274 
f 401/523/275 399/521/273 400/522/274 402/524/276 
f 403/525/277 401/523/275 402/524/276 404/526/278 
f 405/527/279 403/525/277 404/526/278 406/528/280 
f 407/529/281 405/527/279 406/528/280 408/530/282 
f 374/496/248 407/529/281 408/530/282 375/497/249 
f 337/457/211 340/460/214 408/531/282 406/532/280 
f 341/461/215 337/457/211 406/532/280 404/533/278 
f 343/463/217 341/461/215 404/533/278 402/534/276 
f 345/465/219 343/463/217 402/534/276 400/535/274 
f 347/467/221 345/465/219 400/535/274 398/536/272 
f 349/469/223 347/467/221 398/536/272 396/537/270 
f 351/471/225 349/469/223 396/537/270 394/538/268 
f 353/473/227 351/471/225 394/538/268 392/539/266 
f 355/475/229 353/473/227 392/539/266 390/540/264 
f 357/477/231 355/475/229 390/540/264 388/541/262 
f 359/479/233 357/477/231 388/541/262 386/542/260 
f 361/481/235 359/484/233 386/543/260 384/544/258 
f 363/485/237 361/481/235 384/544/258 382/545/256 
f 365/487/239 363/485/237 382/545/256 380/546/254 
f 367/489/241 365/487/239 380/546/254 378/547/252 
f 369/491/243 367/489/241 378/547/252 376/548/250 
f 371/493/245 369/491/243 376/548/250 375/549/249 
f 340/460/214 371/493/245 375/549/249 408/531/282 
f 403/525/277 405/527/279 407/529/281 401/523/275 
f 401/523/275 407/529/281 374/496/248 399/521/273 
f 399/521/273 374/496/248 373/495/247 397/519/271 
f 397/519/271 373/495/247 377/499/251 395/517/269 
f 395/517/269 377/499/251 379/501/253 393/515/267 
f 393/515/267 379/501/253 381/503/255 391/513/265 
f 391/513/265 381/503/255 383/505/257 389/511/263 
f 389/511/263 383/505/257 385/507/259 387/509/261 
f 409/550/211 410/551/212 411/552/213 412/553/214 
f 413/554/215 414/555/216 410/551/212 409/550/211 
f 415/556/217 416/557/218 414/555/216 413/554/215 
f 417/558/219 418/559/220 416/557/218 415/556/217 
f 419/560/221 420/561/222 418/559/220 417/558/219 
f 421/562/223 422/563/224 420/561/222 419/560/221 
f 423/564/225 424/565/226 422/563/224 421/562/223 
f 425/566/227 426/567/228 424/565/226 423/564/225 
f 427/568/229 428/569/230 426/567/228 425/566/227 
f 429/570/231 430/571/232 428/569/230 427/568/229 
f 431/572/233 432/573/234 430/571/232 429/570/231 
f 433/574/235 434/575/236 432/576/234 431/577/233 
f 435/578/237 436/579/238 434/575/236 433/574/235 
f 437/580/239 438/581/240 436/579/238 435/578/237 
f 439/582/241 440/583/242 438/581/240 437/580/239 
f 441/584/243 442/585/244 440/583/242 439/582/241 
f 443/586/245 444/587/246 442/585/244 441/584/243 
f 412/553/214 411/552/213 444/587/246 443/586/245 
f 445/588/247 446/589/248 447/590/249 448/591/250 
f 449/592/251 445/588/247 448/591/250 450/593/252 
f 451/594/253 449/592/251 450/593/252 452/595/254 
f 453/596/255 451/594/253 452/595/254 454/597/256 
f 455/598/257 453/596/255 454/597/256 456/599/258 
f 457/600/259 455/598/257 456/599/258 458/601/260 
f 459/602/261 457/600/259 458/601/260 460/603/262 
f 461/604/263 459/602/261 460/603/262 462/605/264 
f 463/606/265 461/604/263 462/605/264 464/607/266 
f 465/608/267 463/606/265 464/607/266 466/609/268 
f 467/610/269 465/608/267 466/609/268 468/611/270 
f 469/612/271 467/610/269 468/611/270 470/613/272 
f 471/614/273 469/612/271 470/613/272 472/615/274 
f 473/616/275 471/614/273 472/615/274 474/617/276 
f 475/618/277 473/616/275 474/617/276 476/619/278 
f 477/620/279 475/618/277 476/619/278 478/621/280 
f 479/622/281 477/620/279 478/621/280 480/623/282 
f 446/589/248 479/622/281 480/623/282 447/590/249 
f 409/550/211 412/553/214 480/624/282 478/625/280 
f 413/554/215 409/550/211 478/625/280 476/626/278 
f 415/556/217 413/554/215 476/626/278 474/627/276 
f 417/558/219 415/556/217 474/627/276 472/628/274 
f 419/560/221 417/558/219 472/628/274 470/629/272 
f 421/562/223 419/560/221 470/629/272 468/630/270 
f 423/564/225 421/562/223 468/630/270 466/631/268 
f 425/566/227 423/564/225 466/631/268 464/632/266 
f 427/568/229 425/566/227 464/632/266 462/633/264 
f 429/570/231 427/568/229 462/633/264 460/634/262 
f 431/572/233 429/570/231 460/634/262 458/635/260 
f 433/574/235 431/577/233 458/636/260 456/637/258 
f 435/578/237 433/574/235 456/637/258 454/638/256 
f 437/580/239 435/578/237 454/638/256 452/639/254 
f 439/582/241 437/580/239 452/639/254 450/640/252 
f 441/584/243 439/582/241 450/640/252 448/641/250 
f 443/586/245 441/584/243 448/641/250 447/642/249 
f 412/553/214 443/586/245 447/642/249 480/624/282 
f 475/618/277 477/620/279 479/622/281 473/616/275 
f 473/616/275 479/622/281 446/589/248 471/614/273 
f 471/614/273 446/589/248 445/588/247 469/612/271 
f 469/612/271 445/588/247 449/592/251 467/610/269 
f 467/610/269 449/592/251 451/594/253 465/608/267 
f 465/608/267 451/594/253 453/596/255 463/606/265 
f 463/606/265 453/596/255 455/598/257 461/604/263 
f 461/604/263 455/598/257 457/600/259 459/602/261 
f 481/643/283 482/644/284 483/645/285 484/646/286 
f 482/644/284 485/647/287 486/648/288 483/645/285 
f 485/647/287 487/649/289 488/650/290 486/648/288 
f 487/649/289 489/651/291 490/652/292 488/650/290 
f 489/651/291 491/653/293 492/654/294 490/652/292 
f 491/653/293 493/655/295 494/656/296 492/654/294 
f 493/655/295 495/657/297 496/658/298 494/656/296 
f 495/657/297 497/659/299 498/660/300 496/658/298 
f 497/659/299 499/661/301 500/662/302 498/660/300 
f 499/661/301 501/663/303 502/664/304 500/662/302 
f 501/663/303 503/665/305 504/666/306 502/664/304 
f 503/665/305 505/667/307 506/668/308 504/666/306 
f 505/667/307 507/669/309 508/670/310 506/668/308 
f 507/669/309 509/671/311 510/672/312 508/670/310 
f 509/671/311 511/673/313 512/674/314 510/672/312 
f 511/675/313 513/676/315 514/677/316 512/678/314 
f 513/676/315 515/679/317 516/680/318 514/677/316 
f 515/679/317 481/643/283 484/646/286 516/680/318 
f 517/681/259 518/682/319 519/683/320 520/684/261 
f 521/685/321 522/686/322 518/682/319 517/681/259 
f 523/687/255 524/688/323 522/686/322 521/685/321 
f 525/689/253 526/690/324 524/688/323 523/687/255 
f 527/691/325 528/692/326 526/690/324 525/689/253 
f 529/693/247 530/694/327 528/692/326 527/691/325 
f 531/695/248 532/696/328 530/694/327 529/693/247 
f 533/697/281 534/698/329 532/696/328 531/695/248 
f 535/699/279 536/700/330 534/698/329 533/697/281 
f 537/701/277 538/702/331 536/700/330 535/699/279 
f 539/703/332 540/704/333 538/702/331 537/701/277 
f 541/705/273 542/706/334 540/704/333 539/703/332 
f 543/707/271 544/708/335 542/706/334 541/705/273 
f 545/709/336 546/710/337 544/708/335 543/707/271 
f 547/711/267 548/712/338 546/710/337 545/709/336 
f 549/713/265 550/714/339 548/712/338 547/711/267 
f 551/715/263 552/716/340 550/714/339 549/713/265 
f 520/684/261 519/683/320 552/716/340 551/715/263 
f 483/645/285 550/717/339 552/718/340 484/646/286 
f 486/648/288 548/719/338 550/717/339 483/645/285 
f 488/650/290 546/720/337 548/719/338 486/648/288 
f 490/652/292 544/721/335 546/720/337 488/650/290 
f 492/654/294 542/722/334 544/721/335 490/652/292 
f 494/656/296 540/723/333 542/722/334 492/654/294 
f 496/658/298 538/724/331 540/723/333 494/656/296 
f 498/660/300 536/725/330 538/724/331 496/658/298 
f 500/662/302 534/726/329 536/725/330 498/660/300 
f 502/664/304 532/727/328 534/726/329 500/662/302 
f 504/666/306 530/728/327 532/727/328 502/664/304 
f 506/668/308 528/729/326 530/728/327 504/666/306 
f 508/670/310 526/730/324 528/729/326 506/668/308 
f 510/672/312 524/731/323 526/730/324 508/670/310 
f 512/674/314 522/732/322 524/731/323 510/672/312 
f 514/677/316 518/733/319 522/734/322 512/678/314 
f 516/680/318 519/735/320 518/733/319 514/677/316 
f 484/646/286 552/718/340 519/735/320 516/680/318 
f 551/715/263 549/713/265 547/711/267 545/709/336 
f 520/684/261 551/715/263 545/709/336 543/707/271 
f 517/681/259 520/684/261 543/707/271 541/705/273 
f 521/685/321 517/681/259 541/705/273 539/703/332 
f 523/687/255 521/685/321 539/703/332 537/701/277 
f 525/689/253 523/687/255 537/701/277 535/699/279 
f 527/691/325 525/689/253 535/699/279 533/697/281 
f 529/693/247 527/691/325 533/697/281 531/695/248 
f 553/736/283 554/737/284 555/738/285 556/739/286 
f 554/740/284 557/741/287 558/742/288 555/743/285 
f 557/741/287 559/744/289 560/745/290 558/742/288 
f 559/744/289 561/746/291 562/747/292 560/745/290 
f 561/746/291 563/748/293 564/749/294 562/747/292 
f 563/748/293 565/750/295 566/751/296 564/749/294 
f 565/750/295 567/752/297 568/753/298 566/751/296 
f 567/752/297 569/754/299 570/755/300 568/753/298 
f 569/754/299 571/756/301 572/757/302 570/755/300 
f 571/756/301 573/758/303 574/759/304 572/757/302 
f 573/758/303 575/760/305 576/761/306 574/759/304 
f 575/760/305 577/762/307 578/763/308 576/761/306 
f 577/762/307 579/764/309 580/765/310 578/763/308 
f 579/764/309 581/766/311 582/767/312 580/765/310 
f 581/766/311 583/768/313 584/769/314 582/767/312 
f 583/768/313 585/770/315 586/771/316 584/769/314 
f 585/770/315 587/772/317 588/773/318 586/771/316 
f 587/772/317 553/736/283 556/739/286 588/773/318 
f 589/774/259 590/775/341 591/776/320 592/777/261 
f 593/778/321 594/779/322 590/775/341 589/774/259 
f 595/780/255 596/781/323 594/779/322 593/778/321 
f 597/782/253 598/783/324 596/781/323 595/780/255 
f 599/784/325 600/785/326 598/783/324 597/782/253 
f 601/786/247 602/787/327 600/785/326 599/784/325 
f 603/788/248 604/789/328 602/787/327 601/786/247 
f 605/790/281 606/791/329 604/789/328 603/788/248 
f 607/792/279 608/793/330 606/791/329 605/790/281 
f 609/794/277 610/795/331 608/793/330 607/792/279 
f 611/796/332 612/797/333 610/795/331 609/794/277 
f 613/798/273 614/799/334 612/797/333 611/796/332 
f 615/800/271 616/801/335 614/799/334 613/798/273 
f 617/802/336 618/803/337 616/801/335 615/800/271 
f 619/804/267 620/805/342 618/803/337 617/802/336 
f 621/806/265 622/807/339 620/805/342 619/804/267 
f 623/808/263 624/809/340 622/807/339 621/806/265 
f 592/777/261 591/776/320 624/809/340 623/808/263 
f 555/738/285 622/810/339 624/811/340 556/739/286 
f 558/742/288 620/812/342 622/813/339 555/743/285 
f 560/745/290 618/814/337 620/812/342 558/742/288 
f 562/747/292 616/815/335 618/814/337 560/745/290 
f 564/749/294 614/816/334 616/815/335 562/747/292 
f 566/751/296 612/817/333 614/816/334 564/749/294 
f 568/753/298 610/818/331 612/817/333 566/751/296 
f 570/755/300 608/819/330 610/818/331 568/753/298 
f 572/757/302 606/820/329 608/819/330 570/755/300 
f 574/759/304 604/821/328 606/820/329 572/757/302 
f 576/761/306 602/822/327 604/821/328 574/759/304 
f 578/763/308 600/823/326 602/822/327 576/761/306 
f 580/765/310 598/824/324 600/823/326 578/763/308 
f 582/767/312 596/825/323 598/824/324 580/765/310 
f 584/769/314 594/826/322 596/825/323 582/767/312 
f 586/771/316 590/827/341 594/826/322 584/769/314 
f 588/773/318 591/828/320 590/827/341 586/771/316 
f 556/739/286 624/811/340 591/828/320 588/773/318 
f 623/808/263 621/806/265 619/804/267 617/802/336 
f 592/777/261 623/808/263 617/802/336 615/800/271 
f 589/774/259 592/777/261 615/800/271 613/798/273 
f 593/778/321 589/774/259 613/798/273 611/796/332 
f 595/780/255 593/778/321 611/796/332 609/794/277 
f 597/782/253 595/780/255 609/794/277 607/792/279 
f 599/784/325 597/782/253 607/792/279 605/790/281 
f 601/786/247 599/784/325 605/790/281 603/788/248 
f 625/829/343 626/830/344 627/831/345 628/832/346 
f 628/832/346 627/831/345 629/833/347 630/834/348 
f 631/835/349 632/836/350 633/837/351 634/838/352 
f 635/839/353 636/840/354 637/841/355 638/842/356 
f 639/843/357 640/844/358 641/845/359 642/846/360 
f 630/834/348 643/847/361 644/848/362 645/849/363 
f 631/835/349 646/850/364 641/851/359 640/852/358 
f 647/853/365 645/854/363 644/855/362 648/856/366 
f 634/838/352 649/857/367 650/858/368 651/859/369 
f 652/860/370 653/861/371 650/862/368 649/863/367 
f 654/864/372 648/865/366 644/848/362 643/847/361 
f 638/842/356 642/846/360 641/845/359 646/866/364 
f 635/839/353 651/867/369 650/868/368 653/869/371 
f 639/843/357 655/870/373 656/871/374 640/844/358 
f 655/870/373 657/872/375 658/873/376 656/871/374 
f 657/872/375 659/874/377 660/875/378 658/873/376 
f 625/829/343 628/832/346 661/876/379 662/877/380 
f 659/874/377 625/829/343 662/877/380 660/875/378 
f 628/832/346 630/834/348 645/849/363 661/876/379 
f 632/836/350 631/835/349 640/852/358 656/878/374 
f 633/837/351 632/836/350 656/878/374 658/879/376 
f 663/880/381 633/837/351 658/879/376 660/881/378 
f 664/882/382 663/880/381 660/881/378 662/883/380 
f 665/884/383 664/882/382 662/883/380 661/885/379 
f 647/853/365 665/884/383 661/885/379 645/854/363 
f 634/838/352 647/853/365 648/856/366 649/857/367 
f 631/835/349 634/838/352 651/859/369 646/850/364 
f 666/886/384 667/887/385 653/861/371 652/860/370 
f 654/864/372 652/860/370 649/863/367 648/865/366 
f 635/839/353 638/842/356 646/866/364 651/867/369 
f 637/841/355 668/888/386 642/846/360 638/842/356 
f 663/880/381 664/882/382 665/884/383 647/853/365 
f 633/837/351 663/880/381 647/853/365 634/838/352 
f 657/872/375 655/870/373 669/889/387 670/890/388 
f 659/874/377 657/872/375 670/890/388 671/891/389 
f 639/843/357 642/846/360 668/888/386 672/892/390 
f 626/830/344 625/829/343 659/874/377 671/891/389 
f 673/893/391 674/894/392 675/895/393 676/896/394 
f 672/892/390 668/888/386 677/897/395 678/898/396 
f 629/833/347 679/899/397 680/900/398 681/901/399 
f 673/893/391 678/902/396 677/903/395 682/904/400 
f 683/905/401 684/906/402 680/907/398 679/908/397 
f 674/894/392 685/909/403 686/910/404 687/911/405 
f 666/886/384 687/912/405 686/913/404 667/887/385 
f 688/914/406 681/901/399 680/900/398 684/915/402 
f 637/841/355 682/916/400 677/897/395 668/888/386 
f 636/840/354 667/917/385 686/918/404 685/919/403 
f 672/892/390 678/898/396 689/920/407 669/889/387 
f 669/889/387 689/920/407 690/921/408 670/890/388 
f 670/890/388 690/921/408 691/922/409 671/891/389 
f 626/830/344 692/923/410 693/924/411 627/831/345 
f 671/891/389 691/922/409 692/923/410 626/830/344 
f 627/831/345 693/924/411 679/899/397 629/833/347 
f 629/833/347 681/901/399 643/847/361 630/834/348 
f 676/896/394 689/925/407 678/902/396 673/893/391 
f 675/895/393 690/926/408 689/925/407 676/896/394 
f 694/927/412 691/928/409 690/926/408 675/895/393 
f 695/929/413 692/930/410 691/928/409 694/927/412 
f 696/931/414 693/932/411 692/930/410 695/929/413 
f 683/905/401 679/908/397 693/932/411 696/931/414 
f 674/894/392 687/911/405 684/906/402 683/905/401 
f 673/893/391 682/904/400 685/909/403 674/894/392 
f 688/914/406 684/915/402 687/912/405 666/886/384 
f 636/840/354 685/919/403 682/916/400 637/841/355 
f 694/927/412 683/905/401 696/931/414 695/929/413 
f 675/895/393 674/894/392 683/905/401 694/927/412 
f 655/870/373 639/843/357 672/892/390 669/889/387 
f 652/860/370 654/864/372 688/914/406 666/886/384 
f 654/864/372 643/847/361 681/901/399 688/914/406 
f 635/839/353 653/869/371 667/917/385 636/840/354 
f 697/933/415 698/934/416 699/935/417 700/936/418 
f 701/937/419 697/933/415 700/936/418 702/938/420 
f 703/939/421 704/940/422 705/941/423 706/942/424 
f 707/943/354 708/944/355 709/945/356 710/946/353 
f 711/947/425 712/948/426 713/949/427 714/950/428 
f 702/938/420 715/951/429 716/952/430 717/953/431 
f 703/939/421 714/954/428 713/955/427 718/956/432 
f 719/957/433 720/958/434 716/959/430 715/960/429 
f 704/940/422 721/961/435 722/962/436 723/963/437 
f 724/964/438 723/965/437 722/966/436 725/967/439 
f 726/968/440 717/953/431 716/952/430 720/969/434 
f 710/946/353 718/970/432 713/949/427 712/948/426 
f 709/945/356 725/971/439 722/972/436 721/973/435 
f 711/947/425 714/950/428 727/974/441 728/975/442 
f 728/975/442 727/974/441 729/976/443 730/977/444 
f 730/977/444 729/976/443 731/978/445 732/979/446 
f 699/935/417 733/980/447 734/981/448 700/936/418 
f 732/979/446 731/978/445 733/980/447 699/935/417 
f 700/936/418 734/981/448 715/951/429 702/938/420 
f 706/942/424 727/982/441 714/954/428 703/939/421 
f 705/941/423 729/983/443 727/982/441 706/942/424 
f 735/984/449 731/985/445 729/983/443 705/941/423 
f 736/986/450 733/987/447 731/985/445 735/984/449 
f 737/988/451 734/989/448 733/987/447 736/986/450 
f 719/957/433 715/960/429 734/989/448 737/988/451 
f 704/940/422 723/963/437 720/958/434 719/957/433 
f 703/939/421 718/956/432 721/961/435 704/940/422 
f 725/967/439 738/990/452 739/991/453 724/964/438 
f 726/968/440 720/969/434 723/965/437 724/964/438 
f 709/945/356 721/973/435 718/970/432 710/946/353 
f 712/948/426 740/992/454 707/943/354 710/946/353 
f 735/984/449 719/957/433 737/988/451 736/986/450 
f 705/941/423 704/940/422 719/957/433 735/984/449 
f 741/993/455 728/975/442 730/977/444 742/994/456 
f 742/994/456 730/977/444 732/979/446 743/995/457 
f 740/992/454 712/948/426 711/947/425 744/996/458 
f 698/934/416 743/995/457 732/979/446 699/935/417 
f 745/997/459 746/998/460 747/999/461 748/1000/462 
f 744/996/458 749/1001/463 750/1002/464 740/992/454 
f 701/937/419 751/1003/465 752/1004/466 753/1005/467 
f 745/997/459 754/1006/468 750/1007/464 749/1008/463 
f 755/1009/469 753/1010/467 752/1011/466 756/1012/470 
f 748/1000/462 757/1013/471 758/1014/472 759/1015/473 
f 739/991/453 738/990/452 758/1016/472 757/1017/471 
f 760/1018/474 756/1019/470 752/1004/466 751/1003/465 
f 707/943/354 740/992/454 750/1002/464 754/1020/468 
f 708/944/355 759/1021/473 758/1022/472 738/1023/452 
f 744/996/458 741/993/455 761/1024/475 749/1001/463 
f 741/993/455 742/994/456 762/1025/476 761/1024/475 
f 742/994/456 743/995/457 763/1026/477 762/1025/476 
f 698/934/416 697/933/415 764/1027/478 765/1028/479 
f 743/995/457 698/934/416 765/1028/479 763/1026/477 
f 697/933/415 701/937/419 753/1005/467 764/1027/478 
f 701/937/419 702/938/420 717/953/431 751/1003/465 
f 746/998/460 745/997/459 749/1008/463 761/1029/475 
f 747/999/461 746/998/460 761/1029/475 762/1030/476 
f 766/1031/480 747/999/461 762/1030/476 763/1032/477 
f 767/1033/481 766/1031/480 763/1032/477 765/1034/479 
f 768/1035/482 767/1033/481 765/1034/479 764/1036/478 
f 755/1009/469 768/1035/482 764/1036/478 753/1010/467 
f 748/1000/462 755/1009/469 756/1012/470 757/1013/471 
f 745/997/459 748/1000/462 759/1015/473 754/1006/468 
f 760/1018/474 739/991/453 757/1017/471 756/1019/470 
f 708/944/355 707/943/354 754/1020/468 759/1021/473 
f 766/1031/480 767/1033/481 768/1035/482 755/1009/469 
f 747/999/461 766/1031/480 755/1009/469 748/1000/462 
f 744/996/458 711/947/425 728/975/442 741/993/455 
f 760/1018/474 726/968/440 724/964/438 739/991/453 
f 751/1003/465 717/953/431 726/968/440 760/1018/474 
f 738/1023/452 725/971/439 709/945/356 708/944/355 
f 769/1037/483 770/1038/484 771/1039/485 772/1040/486 
f 773/1041/487 769/1037/483 772/1040/486 774/1042/488 
f 775/1043/489 776/1044/490 777/1045/491 778/1046/492 
f 779/1047/493 780/1048/494 781/1049/495 782/1050/496 
f 783/1051/497 784/1052/498 785/1053/499 786/1054/500 
f 774/1042/488 787/1055/501 788/1056/502 789/1057/503 
f 775/1043/489 786/1058/500 785/1059/499 790/1060/504 
f 791/1061/505 792/1062/506 788/1063/502 787/1064/501 
f 776/1044/490 793/1065/507 794/1066/508 795/1067/509 
f 796/1068/510 795/1069/509 794/1070/508 797/1071/511 
f 798/1072/512 789/1057/503 788/1056/502 792/1073/506 
f 782/1050/496 790/1074/504 785/1053/499 784/1052/498 
f 781/1049/495 797/1075/511 794/1076/508 793/1077/507 
f 783/1051/497 786/1054/500 799/1078/513 800/1079/514 
f 800/1079/514 799/1078/513 801/1080/515 802/1081/516 
f 802/1081/516 801/1080/515 803/1082/517 804/1083/518 
f 771/1039/485 805/1084/519 806/1085/520 772/1040/486 
f 804/1083/518 803/1082/517 805/1084/519 771/1039/485 
f 772/1040/486 806/1085/520 787/1055/501 774/1042/488 
f 778/1046/492 799/1086/513 786/1058/500 775/1043/489 
f 777/1045/491 801/1087/515 799/1086/513 778/1046/492 
f 807/1088/521 803/1089/517 801/1087/515 777/1045/491 
f 808/1090/522 805/1091/519 803/1089/517 807/1088/521 
f 809/1092/523 806/1093/520 805/1091/519 808/1090/522 
f 791/1061/505 787/1064/501 806/1093/520 809/1092/523 
f 776/1044/490 795/1067/509 792/1062/506 791/1061/505 
f 775/1043/489 790/1060/504 793/1065/507 776/1044/490 
f 797/1071/511 810/1094/524 811/1095/525 796/1068/510 
f 798/1072/512 792/1073/506 795/1069/509 796/1068/510 
f 781/1049/495 793/1077/507 790/1074/504 782/1050/496 
f 784/1052/498 812/1096/526 779/1047/493 782/1050/496 
f 807/1088/521 791/1061/505 809/1092/523 808/1090/522 
f 777/1045/491 776/1044/490 791/1061/505 807/1088/521 
f 813/1097/527 800/1079/514 802/1081/516 814/1098/528 
f 814/1098/528 802/1081/516 804/1083/518 815/1099/529 
f 812/1096/526 784/1052/498 783/1051/497 816/1100/530 
f 770/1038/484 815/1099/529 804/1083/518 771/1039/485 
f 817/1101/531 818/1102/532 819/1103/533 820/1104/534 
f 816/1100/530 821/1105/535 822/1106/536 812/1096/526 
f 773/1041/487 823/1107/537 824/1108/538 825/1109/539 
f 817/1101/531 826/1110/540 822/1111/536 821/1112/535 
f 827/1113/541 825/1114/539 824/1115/538 828/1116/542 
f 820/1104/534 829/1117/543 830/1118/544 831/1119/545 
f 811/1095/525 810/1094/524 830/1120/544 829/1121/543 
f 832/1122/546 828/1123/542 824/1108/538 823/1107/537 
f 779/1047/493 812/1096/526 822/1106/536 826/1124/540 
f 780/1048/494 831/1125/545 830/1126/544 810/1127/524 
f 816/1100/530 813/1097/527 833/1128/547 821/1105/535 
f 813/1097/527 814/1098/528 834/1129/548 833/1128/547 
f 814/1098/528 815/1099/529 835/1130/549 834/1129/548 
f 770/1038/484 769/1037/483 836/1131/550 837/1132/551 
f 815/1099/529 770/1038/484 837/1132/551 835/1130/549 
f 769/1037/483 773/1041/487 825/1109/539 836/1131/550 
f 773/1041/487 774/1042/488 789/1057/503 823/1107/537 
f 818/1102/532 817/1101/531 821/1112/535 833/1133/547 
f 819/1103/533 818/1102/532 833/1133/547 834/1134/548 
f 838/1135/552 819/1103/533 834/1134/548 835/1136/549 
f 839/1137/553 838/1135/552 835/1136/549 837/1138/551 
f 840/1139/554 839/1137/553 837/1138/551 836/1140/550 
f 827/1113/541 840/1139/554 836/1140/550 825/1114/539 
f 820/1104/534 827/1113/541 828/1116/542 829/1117/543 
f 817/1101/531 820/1104/534 831/1119/545 826/1110/540 
f 832/1122/546 811/1095/525 829/1121/543 828/1123/542 
f 780/1048/494 779/1047/493 826/1124/540 831/1125/545 
f 838/1135/552 839/1137/553 840/1139/554 827/1113/541 
f 819/1103/533 838/1135/552 827/1113/541 820/1104/534 
f 816/1100/530 783/1051/497 800/1079/514 813/1097/527 
f 832/1122/546 798/1072/512 796/1068/510 811/1095/525 
f 823/1107/537 789/1057/503 798/1072/512 832/1122/546 
f 810/1127/524 797/1075/511 781/1049/495 780/1048/494 
f 841/1141/555 842/1142/556 843/1143/557 844/1144/558 
f 844/1144/558 843/1143/557 845/1145/559 846/1146/560 
f 847/1147/561 848/1148/562 849/1149/563 850/1150/564 
f 851/1151/496 852/1152/493 853/1153/494 854/1154/495 
f 855/1155/565 856/1156/566 857/1157/567 858/1158/568 
f 846/1146/560 859/1159/569 860/1160/570 861/1161/571 
f 847/1147/561 862/1162/572 857/1163/567 856/1164/566 
f 863/1165/573 861/1166/571 860/1167/570 864/1168/574 
f 850/1150/564 865/1169/575 866/1170/576 867/1171/577 
f 868/1172/578 869/1173/579 866/1174/576 865/1175/575 
f 870/1176/580 864/1177/574 860/1160/570 859/1159/569 
f 854/1154/495 858/1158/568 857/1157/567 862/1178/572 
f 851/1151/496 867/1179/577 866/1180/576 869/1181/579 
f 855/1155/565 871/1182/581 872/1183/582 856/1156/566 
f 871/1182/581 873/1184/583 874/1185/584 872/1183/582 
f 873/1184/583 875/1186/585 876/1187/586 874/1185/584 
f 841/1141/555 844/1144/558 877/1188/587 878/1189/588 
f 875/1186/585 841/1141/555 878/1189/588 876/1187/586 
f 844/1144/558 846/1146/560 861/1161/571 877/1188/587 
f 848/1148/562 847/1147/561 856/1164/566 872/1190/582 
f 849/1149/563 848/1148/562 872/1190/582 874/1191/584 
f 879/1192/589 849/1149/563 874/1191/584 876/1193/586 
f 880/1194/590 879/1192/589 876/1193/586 878/1195/588 
f 881/1196/591 880/1194/590 878/1195/588 877/1197/587 
f 863/1165/573 881/1196/591 877/1197/587 861/1166/571 
f 850/1150/564 863/1165/573 864/1168/574 865/1169/575 
f 847/1147/561 850/1150/564 867/1171/577 862/1162/572 
f 882/1198/592 883/1199/593 869/1173/579 868/1172/578 
f 870/1176/580 868/1172/578 865/1175/575 864/1177/574 
f 851/1151/496 854/1154/495 862/1178/572 867/1179/577 
f 853/1153/494 884/1200/594 858/1158/568 854/1154/495 
f 879/1192/589 880/1194/590 881/1196/591 863/1165/573 
f 849/1149/563 879/1192/589 863/1165/573 850/1150/564 
f 873/1184/583 871/1182/581 885/1201/595 886/1202/596 
f 875/1186/585 873/1184/583 886/1202/596 887/1203/597 
f 855/1155/565 858/1158/568 884/1200/594 888/1204/598 
f 842/1142/556 841/1141/555 875/1186/585 887/1203/597 
f 889/1205/599 890/1206/600 891/1207/601 892/1208/602 
f 888/1204/598 884/1200/594 893/1209/603 894/1210/604 
f 845/1145/559 895/1211/605 896/1212/606 897/1213/607 
f 889/1205/599 894/1214/604 893/1215/603 898/1216/608 
f 899/1217/609 900/1218/610 896/1219/606 895/1220/605 
f 890/1206/600 901/1221/611 902/1222/612 903/1223/613 
f 882/1198/592 903/1224/613 902/1225/612 883/1199/593 
f 904/1226/614 897/1213/607 896/1212/606 900/1227/610 
f 853/1153/494 898/1228/608 893/1209/603 884/1200/594 
f 852/1152/493 883/1229/593 902/1230/612 901/1231/611 
f 888/1204/598 894/1210/604 905/1232/615 885/1201/595 
f 885/1201/595 905/1232/615 906/1233/616 886/1202/596 
f 886/1202/596 906/1233/616 907/1234/617 887/1203/597 
f 842/1142/556 908/1235/618 909/1236/619 843/1143/557 
f 887/1203/597 907/1234/617 908/1235/618 842/1142/556 
f 843/1143/557 909/1236/619 895/1211/605 845/1145/559 
f 845/1145/559 897/1213/607 859/1159/569 846/1146/560 
f 892/1208/602 905/1237/615 894/1214/604 889/1205/599 
f 891/1207/601 906/1238/616 905/1237/615 892/1208/602 
f 910/1239/620 907/1240/617 906/1238/616 891/1207/601 
f 911/1241/621 908/1242/618 907/1240/617 910/1239/620 
f 912/1243/622 909/1244/619 908/1242/618 911/1241/621 
f 899/1217/609 895/1220/605 909/1244/619 912/1243/622 
f 890/1206/600 903/1223/613 900/1218/610 899/1217/609 
f 889/1205/599 898/1216/608 901/1221/611 890/1206/600 
f 904/1226/614 900/1227/610 903/1224/613 882/1198/592 
f 852/1152/493 901/1231/611 898/1228/608 853/1153/494 
f 910/1239/620 899/1217/609 912/1243/622 911/1241/621 
f 891/1207/601 890/1206/600 899/1217/609 910/1239/620 
f 871/1182/581 855/1155/565 888/1204/598 885/1201/595 
f 868/1172/578 870/1176/580 904/1226/614 882/1198/592 
f 870/1176/580 859/1159/569 897/1213/607 904/1226/614 
f 851/1151/496 869/1181/579 883/1229/593 852/1152/493 
f 913/1245/623 914/1246/624 915/1247/625 916/1248/626 
f 917/1249/627 918/1250/628 919/1251/629 920/1252/630 
f 921/1253/631 916/1253/626 915/1254/625 922/1254/632 
f 923/1255/633 924/1256/634 919/1257/629 918/1258/628 
f 851/1259/356 920/1260/630 919/1257/629 924/1256/634 
f 854/1261/353 922/1254/632 915/1254/625 914/1261/624 
f 925/1262/635 926/1263/636 918/1250/628 917/1249/627 
f 923/1255/633 921/1253/631 922/1254/632 924/1256/634 
f 854/1261/353 851/1259/356 924/1256/634 922/1254/632 
f 925/1262/635 917/1249/627 927/1264/637 928/1265/638 
f 851/1259/356 852/1266/355 929/1267/639 920/1260/630 
f 930/1268/640 931/1269/641 932/1270/642 933/1271/643 
f 925/1262/635 934/1272/644 935/1273/645 926/1263/636 
f 936/1274/646 937/1275/647 932/1275/642 931/1274/641 
f 938/1276/648 926/1277/636 935/1278/645 939/1279/649 
f 709/1280/496 939/1281/649 935/1282/645 934/1283/644 
f 710/1284/495 933/1285/643 932/1286/642 937/1286/647 
f 931/1274/641 916/1253/626 921/1253/631 936/1274/646 
f 938/1276/648 939/1279/649 937/1275/647 936/1274/646 
f 710/1284/495 937/1286/647 939/1281/649 709/1280/496 
f 923/1255/633 938/1276/648 936/1274/646 921/1253/631 
f 916/1248/626 931/1269/641 930/1268/640 913/1245/623 
f 923/1255/633 918/1258/628 926/1277/636 938/1276/648 
f 940/1287/650 941/1288/651 942/1289/652 943/1290/653 
f 927/1264/637 929/1291/639 944/1292/654 945/1293/655 
f 946/1294/656 947/1295/657 942/1295/652 941/1294/651 
f 948/1296/658 945/1297/655 944/1298/654 949/1299/659 
f 852/1266/355 949/1299/659 944/1298/654 929/1267/639 
f 853/1300/354 943/1300/653 942/1295/652 947/1295/657 
f 945/1293/655 950/1301/660 928/1265/638 927/1264/637 
f 948/1296/658 949/1299/659 947/1295/657 946/1294/656 
f 853/1300/354 947/1295/657 949/1299/659 852/1266/355 
f 917/1249/627 920/1252/630 929/1291/639 927/1264/637 
f 951/1302/661 952/1303/662 953/1304/663 954/1305/664 
f 928/1265/638 950/1301/660 955/1306/665 956/1307/666 
f 957/1308/667 954/1309/664 953/1310/663 958/1311/668 
f 959/1312/669 960/1312/670 955/1313/665 950/1313/660 
f 708/1314/493 956/1315/666 955/1313/665 960/1312/670 
f 707/1316/494 958/1311/668 953/1310/663 952/1310/662 
f 946/1294/656 941/1294/651 954/1309/664 957/1308/667 
f 959/1312/669 957/1308/667 958/1311/668 960/1312/670 
f 709/1280/496 708/1314/493 707/1316/494 710/1284/495 
f 707/1316/494 708/1314/493 960/1312/670 958/1311/668 
f 957/1308/667 959/1312/669 948/1296/658 946/1294/656 
f 951/1302/661 954/1305/664 941/1288/651 940/1287/650 
f 950/1313/660 945/1297/655 948/1296/658 959/1312/669 
f 956/1307/666 934/1272/644 925/1262/635 928/1265/638 
f 951/1302/661 940/1287/650 913/1245/623 930/1268/640 
f 961/1317/627 962/1318/628 963/1319/629 964/1320/630 
f 965/1321/623 966/1322/624 967/1323/625 968/1324/626 
f 969/1325/633 970/1326/634 963/1327/629 962/1328/628 
f 971/1329/631 968/1330/626 967/1331/625 972/1331/632 
f 781/1332/353 972/1331/632 967/1331/625 966/1333/624 
f 782/1334/356 964/1335/630 963/1327/629 970/1326/634 
f 968/1324/626 973/1336/641 974/1337/640 965/1321/623 
f 971/1329/631 972/1331/632 970/1326/634 969/1325/633 
f 782/1334/356 970/1326/634 972/1331/632 781/1332/353 
f 974/1337/640 975/1338/661 976/1339/650 965/1321/623 
f 964/1320/630 977/1340/639 978/1341/637 961/1317/627 
f 979/1342/635 980/1343/644 981/1344/645 982/1345/636 
f 974/1337/640 973/1336/641 983/1346/642 984/1347/643 
f 985/1348/648 982/1349/636 981/1350/645 986/1351/649 
f 987/1352/646 988/1353/647 983/1354/642 973/1355/641 
f 635/1356/495 984/1357/643 983/1358/642 988/1359/647 
f 638/1360/496 986/1361/649 981/1362/645 980/1363/644 
f 969/1325/633 962/1328/628 982/1349/636 985/1348/648 
f 987/1352/646 985/1348/648 986/1351/649 988/1353/647 
f 638/1360/496 635/1356/495 988/1359/647 986/1361/649 
f 985/1348/648 987/1352/646 971/1329/631 969/1325/633 
f 979/1342/635 982/1345/636 962/1318/628 961/1317/627 
f 971/1329/631 987/1352/646 973/1355/641 968/1330/626 
f 980/1363/644 989/1364/666 637/1365/493 638/1360/496 
f 978/1341/637 977/1340/639 990/1366/654 991/1367/655 
f 976/1339/650 992/1368/651 993/1369/652 994/1370/653 
f 995/1371/658 991/1372/655 990/1373/654 996/1374/659 
f 997/1375/656 998/1376/657 993/1376/652 992/1377/651 
f 780/1378/354 994/1379/653 993/1376/652 998/1376/657 
f 779/1380/355 996/1374/659 990/1373/654 977/1381/639 
f 975/1338/661 999/1382/664 992/1368/651 976/1339/650 
f 997/1375/656 995/1371/658 996/1374/659 998/1376/657 
f 779/1380/355 780/1378/354 998/1376/657 996/1374/659 
f 965/1321/623 976/1339/650 994/1370/653 966/1322/624 
f 1000/1383/638 1001/1384/660 1002/1385/665 989/1386/666 
f 975/1338/661 1003/1387/662 1004/1388/663 999/1382/664 
f 1005/1389/669 1006/1389/670 1002/1390/665 1001/1390/660 
f 1007/1391/667 999/1392/664 1004/1393/663 1008/1393/668 
f 636/1393/494 1008/1393/668 1004/1393/663 1003/1394/662 
f 637/1365/493 989/1364/666 1002/1390/665 1006/1389/670 
f 1001/1390/660 991/1372/655 995/1371/658 1005/1389/669 
f 1007/1391/667 1008/1393/668 1006/1389/670 1005/1389/669 
f 637/1365/493 1006/1389/670 1008/1393/668 636/1393/494 
f 1005/1389/669 995/1371/658 997/1375/656 1007/1391/667 
f 1000/1383/638 978/1341/637 991/1367/655 1001/1384/660 
f 997/1375/656 992/1377/651 999/1392/664 1007/1391/667 
f 636/1393/494 635/1356/495 638/1360/496 637/1365/493 
f 974/1337/640 984/1347/643 1003/1387/662 975/1338/661 
f 1000/1383/638 979/1342/635 961/1317/627 978/1341/637 
f 979/1342/635 1000/1383/638 989/1386/666 980/1343/644 
f 1003/1394/662 984/1357/643 635/1356/495 636/1393/494 
f 966/1333/624 994/1379/653 780/1378/354 781/1332/353 
f 781/1332/353 780/1378/354 779/1380/355 782/1334/356 
f 964/1335/630 782/1334/356 779/1380/355 977/1381/639 
f 854/1261/353 853/1300/354 852/1266/355 851/1259/356 
f 913/1245/623 940/1287/650 943/1290/653 914/1246/624 
f 914/1261/624 943/1300/653 853/1300/354 854/1261/353 
f 952/1303/662 951/1302/661 930/1268/640 933/1271/643 
f 952/1310/662 933/1285/643 710/1284/495 707/1316/494 
f 709/1280/496 934/1283/644 956/1315/666 708/1314/493 
# 968 polygons

